"","colonia","dia.sem","long","lat","n"
"1","SAN JUAN DE OCOTAN","Mon",-103.455877628125,20.70933871375,32
"2","SAN JUAN DE OCOTAN","Thu",-103.455013466667,20.712417357037,27
"3","TABACHINES","Mon",-103.365023734615,20.7393951096154,26
"4","CONSTITUCION","Mon",-103.366134988,20.7291291948,25
"5","MIRAMAR","Wed",-103.451135052,20.6410250472,25
"6","CABECERA MUNICIPAL","Sat",-103.392602645833,20.7232902008333,24
"7","ARCOS DE ZAPOPAN","Wed",-103.406890578261,20.7420422830435,23
"8","ARENALES TAPATIOS","Sat",-103.461322359091,20.6351904845455,22
"9","CABECERA MUNICIPAL","Wed",-103.390189727273,20.7220040836364,22
"10","CONSTITUCION","Wed",-103.367413136364,20.72680714,22
"11","PASEOS DEL SOL","Wed",-103.430820722727,20.6357298709091,22
"12","CABECERA MUNICIPAL","Mon",-103.391434552381,20.7223931104762,21
"13","CONSTITUCION","Sat",-103.367686819048,20.7289472614286,21
"14","VILLAS DE GUADALUPE","Mon",-103.342755752381,20.7541940128571,21
"15","PASEOS DEL SOL","Thu",-103.43017765,20.635988444,20
"16","SANTA MARGARITA","Mon",-103.414751875,20.728379203,20
"17","PASEOS DEL SOL","Mon",-103.431231826316,20.63497048,19
"18","SAN JUAN DE OCOTAN","Sat",-103.455862426316,20.7130073231579,19
"19","SAN JUAN DE OCOTAN","Wed",-103.453594678947,20.7085112163158,19
"20","CABECERA MUNICIPAL","Thu",-103.391762622222,20.7223455822222,18
"21","MIRAMAR","Mon",-103.452689144444,20.6394269666667,18
"22","TABACHINES","Sat",-103.363141544444,20.7398629188889,18
"23","VALLE DE LOS MOLINOS","Wed",-103.4258497,20.849572255,18
"24","ARBOLEDAS","Thu",-103.422227311765,20.6348777770588,17
"25","ARCOS DE ZAPOPAN","Mon",-103.406605064706,20.7398564970588,17
"26","VALLE DE LOS MOLINOS","Mon",-103.428063970588,20.8517526076471,17
"27","CABECERA MUNICIPAL","Fri",-103.39144823125,20.7229739525,16
"28","COLLI EL","Fri",-103.42602784375,20.642236331875,16
"29","COLLI EL","Wed",-103.428380025,20.643036389375,16
"30","SAN JUAN DE OCOTAN","Sun",-103.4546627625,20.709322289375,16
"31","ARCOS DE ZAPOPAN","Thu",-103.407968473333,20.7414260666667,15
"32","LOMAS DE TABACHINES","Mon",-103.357540606667,20.7505396706667,15
"33","MARIANO OTERO","Mon",-103.448370446667,20.6310873313333,15
"34","MIRAMAR","Thu",-103.45319304,20.640603094,15
"35","PARAISOS DEL COLLI","Mon",-103.451349653333,20.65075029,15
"36","TABACHINES","Wed",-103.363479726667,20.739661978,15
"37","ARBOLEDAS","Wed",-103.424940521429,20.6291237164286,14
"38","ARENALES TAPATIOS","Mon",-103.461367714286,20.6349113357143,14
"39","CABECERA MUNICIPAL","Tue",-103.390394878571,20.7229487992857,14
"40","CALMA LA","Mon",-103.415174214286,20.6354660714286,14
"41","CAMINO REAL","Mon",-103.412233571429,20.672611915,14
"42","JARDINES DE NUEVO MEXICO","Wed",-103.44711155,20.7658183528571,14
"43","PASEOS DEL SOL","Sat",-103.430198757143,20.6366996964286,14
"44","ARENALES TAPATIOS","Fri",-103.460904161538,20.6348188453846,13
"45","ARENALES TAPATIOS","Thu",-103.460877361538,20.6333249507692,13
"46","ARENALES TAPATIOS","Tue",-103.460080138462,20.6340544784615,13
"47","CALMA LA","Sat",-103.415608838462,20.6356030761538,13
"48","COLLI EL","Mon",-103.432543315385,20.6449437876923,13
"49","COLLI EL","Thu",-103.4312862,20.64340545,13
"50","CONSTITUCION","Fri",-103.366184684615,20.7300576661538,13
"51","JARDINES DE NUEVO MEXICO","Sat",-103.447163638462,20.7667191130769,13
"52","MIRAMAR","Fri",-103.452208,20.6410283615385,13
"53","PASEOS DEL SOL","Tue",-103.432597292308,20.6359092461538,13
"54","TABACHINES","Thu",-103.361600546154,20.74005017,13
"55","ARBOLEDAS","Fri",-103.424594666667,20.62982151,12
"56","ESTANCIA LA","Wed",-103.428669966667,20.6703699575,12
"57","JARDINES DE NUEVO MEXICO","Mon",-103.448152133333,20.7676898175,12
"58","JARDINES DEL VALLE","Sat",-103.429792691667,20.7458568675,12
"59","PARAISOS DEL COLLI","Tue",-103.452271116667,20.6504447283333,12
"60","PASEOS DEL SOL","Fri",-103.43044,20.6351496208333,12
"61","SAN JUAN DE OCOTAN","Fri",-103.452940058333,20.708408395,12
"62","SAN JUAN DE OCOTAN","Tue",-103.454021291667,20.7093439008333,12
"63","AGUILAS LAS","Mon",-103.415107518182,20.6263029336364,11
"64","ARCOS DE ZAPOPAN","Sat",-103.406304290909,20.7407010236364,11
"65","ARROYO HONDO","Mon",-103.348578554545,20.7407622636364,11
"66","CALMA LA","Wed",-103.414818854545,20.6370243445455,11
"67","CIUDAD GRANJA","Mon",-103.450861527273,20.6795481309091,11
"68","ESTANCIA LA","Thu",-103.429964345455,20.6713959281818,11
"69","JARDINES VALLARTA","Thu",-103.425362645455,20.6827211854545,11
"70","MIRAMAR","Sat",-103.453875809091,20.6411887527273,11
"71","SANTA ANA TEPETITLAN","Wed",-103.456134445455,20.6215634809091,11
"72","TESISTAN","Wed",-103.479244009091,20.7992827572727,11
"73","TUZANIA LA","Mon",-103.412436754545,20.7356698172727,11
"74","ARBOLEDAS","Sat",-103.42144749,20.630480869,10
"75","ATEMAJAC DEL VALLE","Sat",-103.35592759,20.717619228,10
"76","BALCONES DE LA CANTERA","Mon",-103.35451474,20.743767765,10
"77","CABECERA MUNICIPAL","Sun",-103.39304556,20.723508211,10
"78","CALMA LA","Thu",-103.41756836,20.635269194,10
"79","CAMICHINES VALLARTA","Mon",-103.4303271,20.679421858,10
"80","COLLI EL","Sat",-103.43084505,20.644693694,10
"81","CONSTITUCION","Thu",-103.3664232,20.728915367,10
"82","ESTANCIA LA","Mon",-103.4282077,20.668990383,10
"83","JARDINES DEL VALLE","Mon",-103.42964636,20.748621669,10
"84","MARIANO OTERO","Fri",-103.44982073,20.631408589,10
"85","MARIANO OTERO","Sat",-103.44524415,20.63065884,10
"86","PARAISOS DEL COLLI","Fri",-103.45016866,20.650014279,10
"87","SANTA MARGARITA","Sat",-103.40788005,20.730709617,10
"88","SANTA MARGARITA","Thu",-103.4122502,20.729332686,10
"89","SANTA MARGARITA","Wed",-103.41386103,20.728603028,10
"90","TABACHINES","Tue",-103.36287386,20.7384298,10
"91","TUZANIA LA","Thu",-103.41272855,20.734353701,10
"92","VIGIA EL","Sat",-103.39361774,20.732552632,10
"93","VILLAS DE GUADALUPE","Wed",-103.3430364,20.755020566,10
"94","ARBOLEDAS","Mon",-103.425069366667,20.6297033533333,9
"95","AUDITORIO","Thu",-103.3496579,20.7310734666667,9
"96","BENITO JUAREZ","Sat",-103.340801733333,20.7318674744444,9
"97","CALMA LA","Sun",-103.415622666667,20.6342703555556,9
"98","CAMICHINES VALLARTA","Wed",-103.429934388889,20.6788128133333,9
"99","CIUDAD DEL SOL","Mon",-103.405558322222,20.6531495622222,9
"100","CIUDAD GRANJA","Fri",-103.450550766667,20.6831458333333,9
"101","LOMA BONITA EJIDAL","Thu",-103.404917722222,20.6265379811111,9
"102","MESA COLORADA","Fri",-103.339219511111,20.7634469833333,9
"103","MIGUEL HIDALGO","Mon",-103.340995177778,20.7475477844444,9
"104","NUEVO VERGEL","Mon",-103.364226155556,20.7549927833333,9
"105","PARAISOS DEL COLLI","Sat",-103.451016822222,20.6477545,9
"106","SANTA ANA TEPETITLAN","Mon",-103.455257333333,20.6210166766667,9
"107","SANTA ANA TEPETITLAN","Thu",-103.455568022222,20.6212733877778,9
"108","TABACHINES","Fri",-103.366271455556,20.7389747822222,9
"109","VIGIA EL","Fri",-103.391509455556,20.7349881855556,9
"110","VIGIA EL","Mon",-103.393784555556,20.7337018344444,9
"111","AGUILAS LAS","Fri",-103.4153011125,20.627361765,8
"112","AGUILAS LAS","Wed",-103.4142654375,20.625830525,8
"113","ARCOS DE ZAPOPAN","Tue",-103.4050386625,20.74111195625,8
"114","ATEMAJAC DEL VALLE","Thu",-103.35186215,20.7192417625,8
"115","AUDITORIO","Mon",-103.3490618375,20.7321506125,8
"116","BALCONES DE LA CANTERA","Sat",-103.35030895,20.74314702625,8
"117","BENITO JUAREZ","Thu",-103.340877625,20.73248460625,8
"118","CALMA LA","Tue",-103.4174683,20.63482443875,8
"119","CAMINO REAL","Wed",-103.413217525,20.6688662475,8
"120","COLLI EL","Tue",-103.4314942875,20.6440053775,8
"121","JARDINES DE NUEVO MEXICO","Fri",-103.4444562625,20.76601987,8
"122","JARDINES DE NUEVO MEXICO","Tue",-103.44489715,20.76530004,8
"123","JARDINES VALLARTA","Wed",-103.4255186125,20.68207824125,8
"124","MARIANO OTERO","Tue",-103.4487830375,20.630842075,8
"125","MESA COLORADA","Mon",-103.3385974375,20.76340066125,8
"126","MESA COLORADA","Sat",-103.340431025,20.76428134625,8
"127","MIRADOR DEL SOL","Sat",-103.42098935,20.65395014875,8
"128","PARAISOS DEL COLLI","Wed",-103.44975385,20.65029909875,8
"129","SAN ISIDRO EJIDAL","Mon",-103.398642325,20.7309284975,8
"130","SAN ISIDRO EJIDAL","Wed",-103.3976529875,20.73173637625,8
"131","SANTA ANA TEPETITLAN","Fri",-103.454594925,20.61803829125,8
"132","SANTA MARGARITA","Tue",-103.4167812125,20.72867403125,8
"133","TESISTAN","Mon",-103.47950565,20.800273765,8
"134","TUZANIA LA","Fri",-103.4112448,20.734447955,8
"135","VALLE DE LOS MOLINOS","Fri",-103.42455825,20.8498115275,8
"136","VALLE DE LOS MOLINOS","Thu",-103.4280951,20.851185965,8
"137","VICENTE GUERRERO","Wed",-103.4382237375,20.76626113625,8
"138","VILLAS DE GUADALUPE","Thu",-103.3449322875,20.7528811075,8
"139","VILLAS DE GUADALUPE","Tue",-103.3442566375,20.7535759075,8
"140","ALTAGRACIA","Sat",-103.392713157143,20.7434918,7
"141","ARBOLEDA LA","Thu",-103.408925242857,20.7320875842857,7
"142","ARBOLEDAS","Tue",-103.423239542857,20.6309007985714,7
"143","ARCOS DE ZAPOPAN","Fri",-103.407808057143,20.7414620071429,7
"144","ARROYO HONDO","Thu",-103.346684585714,20.73959407,7
"145","BENITO JUAREZ","Mon",-103.339493142857,20.7332522328571,7
"146","BRISEniO EL","Thu",-103.436625728571,20.62478172,7
"147","CAJETES LOS","Mon",-103.423547028571,20.5902795085714,7
"148","CHAPALITA","Mon",-103.4046452,20.6634658771429,7
"149","CIUDAD DEL SOL","Sat",-103.405377342857,20.6542000285714,7
"150","CIUDAD DEL SOL","Thu",-103.405729542857,20.6529309785714,7
"151","FORTIN EL","Tue",-103.468987771429,20.6254809257143,7
"152","JARDINES DE GUADALUPE","Sat",-103.424313242857,20.66310549,7
"153","JARDINES DE SAN IGNACIO","Fri",-103.404414828571,20.6699946871429,7
"154","JARDINES DEL VALLE","Thu",-103.431357828571,20.7484198128571,7
"155","JARDINES UNIVERSIDAD","Wed",-103.420685214286,20.6888184757143,7
"156","JARDINES VALLARTA","Mon",-103.423278385714,20.6809598885714,7
"157","MAGDALENA LA","Wed",-103.463663828571,20.8036518057143,7
"158","MARIANO OTERO","Wed",-103.452944414286,20.6305164328571,7
"159","MESA COLORADA PONIENTE","Mon",-103.3455223,20.7714619442857,7
"160","NUEVO MEXICO","Fri",-103.439991914286,20.7625793671429,7
"161","PARAISOS DEL COLLI","Thu",-103.448763828571,20.6510344085714,7
"162","REAL VALLARTA","Fri",-103.423690914286,20.6769526342857,7
"163","RESIDENCIAL SANTA MARGARITA","Mon",-103.419638614286,20.7373822728571,7
"164","SANTA ANA TEPETITLAN","Sat",-103.457570528571,20.6192998114286,7
"165","SANTA MARGARITA","Fri",-103.412817542857,20.7288701514286,7
"166","TUZANIA LA","Sat",-103.413819728571,20.7358700314286,7
"167","VIGIA EL","Thu",-103.392305828571,20.7335932885714,7
"168","VIGIA EL","Tue",-103.392795442857,20.7312222414286,7
"169","AGUILAS LAS","Sat",-103.414648283333,20.62574255,6
"170","ALAMEDAS LAS","Tue",-103.43622265,20.6350524333333,6
"171","ARBOLEDAS","Sun",-103.422117633333,20.6303045133333,6
"172","ARENALES TAPATIOS","Wed",-103.45973055,20.6342707,6
"173","ARROYO HONDO","Sat",-103.34595915,20.7401290583333,6
"174","ARROYO HONDO","Wed",-103.34701655,20.7425603466667,6
"175","ATEMAJAC DEL VALLE","Mon",-103.354937083333,20.7180335566667,6
"176","AUDITORIO","Sat",-103.3499413,20.73312655,6
"177","CAJETES LOS","Thu",-103.4228015,20.5894918466667,6
"178","CAMICHINES VALLARTA","Fri",-103.4306248,20.6799336366667,6
"179","CAMICHINES VALLARTA","Thu",-103.430512466667,20.6786712066667,6
"180","CONJUNTO LAURELES","Fri",-103.387630433333,20.7330583183333,6
"181","ESTANCIA LA","Fri",-103.429226833333,20.6704810166667,6
"182","ESTRADA LA","Mon",-103.473454583333,20.793222795,6
"183","FORTIN EL","Mon",-103.469486516667,20.626382945,6
"184","INDUSTRIAL BELENES NORTE","Wed",-103.39376805,20.740755585,6
"185","JACARANDAS","Sat",-103.38144955,20.7151896033333,6
"186","JARDINES DE SAN IGNACIO","Wed",-103.405837466667,20.670173565,6
"187","JARDINES DEL SOL","Thu",-103.416051133333,20.6471581216667,6
"188","JARDINES VALLARTA","Fri",-103.422265283333,20.680927975,6
"189","LOMAS DE LA PRIMAVERA","Sat",-103.472220966667,20.64134986,6
"190","LOMAS DE TABACHINES","Thu",-103.3602495,20.7484490933333,6
"191","LOMAS DE ZAPOPAN","Sat",-103.398554583333,20.744939405,6
"192","MARTINICA LA","Sat",-103.366789833333,20.7475884866667,6
"193","MIRADOR DE SAN ISIDRO","Thu",-103.391407216667,20.757383505,6
"194","MIRAMAR","Tue",-103.447953133333,20.6388643,6
"195","NUEVO MEXICO","Thu",-103.4401199,20.761883145,6
"196","PARQUES DE TESISTAN","Thu",-103.46820445,20.7978621433333,6
"197","PINAR DE LA CALMA","Wed",-103.41514905,20.6205029683333,6
"198","PLAZA PATRIA","Wed",-103.3780842,20.7122795983333,6
"199","PRADOS DE SANTA LUCIA","Fri",-103.5010174,20.80014359,6
"200","PRADOS DE SANTA LUCIA","Sat",-103.501906266667,20.8012477516667,6
"201","REAL VALLARTA","Mon",-103.424237133333,20.6768683883333,6
"202","RESIDENCIAL SANTA MARGARITA","Wed",-103.41949835,20.73491775,6
"203","RINCONADA LAS PALMAS","Mon",-103.399856633333,20.753584245,6
"204","TABACHINES","Sun",-103.365302216667,20.7410472316667,6
"205","TUZANIA LA","Sun",-103.412990866667,20.73355861,6
"206","TUZANIA LA","Tue",-103.4130023,20.73409975,6
"207","VALLARTA UNIVERSIDAD","Wed",-103.426736783333,20.68828789,6
"208","VENTA DEL ASTILLERO LA","Fri",-103.543276916667,20.72833788,6
"209","VENTA DEL ASTILLERO LA","Sat",-103.545888733333,20.72737265,6
"210","VENTA DEL ASTILLERO LA","Thu",-103.543976,20.7276422233333,6
"211","VISTA HERMOSA","Sat",-103.33455675,20.75982234,6
"212","AGUA BLANCA","Tue",-103.4348031,20.600672038,5
"213","AGUILAS LAS","Thu",-103.41312472,20.626602342,5
"214","ALTAGRACIA","Mon",-103.3925973,20.742785272,5
"215","ARENALES TAPATIOS","Sun",-103.45808656,20.634682538,5
"216","AUDITORIO","Fri",-103.34921204,20.731664164,5
"217","BALCONES DE LA CANTERA","Thu",-103.3522744,20.744337032,5
"218","BATAN EL","Wed",-103.34338076,20.722100208,5
"219","BENITO JUAREZ","Wed",-103.33905364,20.73163971,5
"220","BRISEniO EL","Wed",-103.4372507,20.625994638,5
"221","BUGAMBILIAS","Mon",-103.44347956,20.602510276,5
"222","CABAniITAS","Mon",-103.36744192,20.756314406,5
"223","CALMA LA","Fri",-103.41369508,20.636377802,5
"224","CAMINO REAL","Fri",-103.4120025,20.670524908,5
"225","CAMINO REAL","Thu",-103.41207854,20.669223952,5
"226","CARRETERA A NOGALES","Mon",-103.52811588,20.721376158,5
"227","CHAPALITA","Thu",-103.40074248,20.6614551,5
"228","CHAPALITA","Tue",-103.4047693,20.66395633,5
"229","CIUDAD DEL SOL","Sun",-103.40740562,20.650642982,5
"230","CIUDAD DEL SOL","Tue",-103.40667054,20.652409916,5
"231","CIUDAD GRANJA","Sat",-103.44959536,20.682323478,5
"232","CIUDAD GRANJA","Wed",-103.44576424,20.684324874,5
"233","COLINAS DE ATEMAJAC","Wed",-103.36339968,20.717995572,5
"234","CONSTITUCION","Sun",-103.3663685,20.72753908,5
"235","CONSTITUCION","Tue",-103.3639026,20.729031118,5
"236","CORONILLA LA","Wed",-103.32805662,20.756502432,5
"237","ESTADIO OMNILIFE","Sun",-103.46051408,20.687074314,5
"238","ESTANCIA LA","Sun",-103.42801118,20.668264556,5
"239","FORTIN EL","Thu",-103.47159428,20.626535058,5
"240","INDUSTRIAL BELENES","Sat",-103.38759996,20.737452046,5
"241","JARDINES DE GUADALUPE","Fri",-103.42711424,20.663816446,5
"242","JARDINES DE GUADALUPE","Thu",-103.42265074,20.663956654,5
"243","JARDINES DE GUADALUPE","Wed",-103.42681404,20.66493123,5
"244","JARDINES DE NUEVO MEXICO","Thu",-103.44845698,20.76684534,5
"245","JARDINES DE SAN IGNACIO","Mon",-103.40613728,20.670538628,5
"246","JARDINES DEL SOL","Mon",-103.414049,20.647638234,5
"247","JARDINES DEL SOL","Tue",-103.41736166,20.65129078,5
"248","JARDINES DEL VALLE","Sun",-103.43117742,20.74542849,5
"249","JARDINES DEL VALLE","Wed",-103.4311301,20.749400426,5
"250","JARDINES TEPEYAC","Mon",-103.42230808,20.659491124,5
"251","JARDINES UNIVERSIDAD","Fri",-103.41935018,20.688027532,5
"252","JARDINES UNIVERSIDAD","Mon",-103.4213416,20.687649396,5
"253","JARDINES UNIVERSIDAD","Thu",-103.41998058,20.688160016,5
"254","JARDINES VALLARTA","Sat",-103.42192916,20.68152431,5
"255","JARDINES VALLARTA","Tue",-103.42733126,20.682115872,5
"256","LOMA BONITA EJIDAL","Wed",-103.40440688,20.626603872,5
"257","LOMA BONITA RESIDENCIAL","Sat",-103.40527596,20.63768502,5
"258","LOMAS DE LA PRIMAVERA","Fri",-103.4722089,20.643103012,5
"259","LOMAS DE ZAPOPAN","Thu",-103.40098442,20.744551986,5
"260","LOMAS DE ZAPOPAN","Tue",-103.39963758,20.743422702,5
"261","MARCELINO GARCIA BARRAGAN","Thu",-103.44520628,20.771239914,5
"262","MARTINICA LA","Tue",-103.36678046,20.749327544,5
"263","MESA COLORADA PONIENTE","Fri",-103.34407294,20.770254796,5
"264","MESA COLORADA PONIENTE","Thu",-103.34767228,20.770406526,5
"265","MIGUEL HIDALGO","Sat",-103.34099772,20.74714134,5
"266","MIRADOR DE SAN ISIDRO","Wed",-103.39046504,20.758017028,5
"267","MIRADOR DEL SOL","Thu",-103.42177282,20.653692854,5
"268","NUEVO MEXICO","Sat",-103.43649968,20.759629176,5
"269","NUEVO MEXICO","Tue",-103.44085724,20.76354184,5
"270","PALMITA LA","Tue",-103.35504752,20.729400608,5
"271","PASEOS DEL SOL","Sun",-103.43079932,20.638209248,5
"272","PLAZA PATRIA","Mon",-103.37811672,20.712422288,5
"273","PLAZA PATRIA","Sat",-103.37839572,20.712191394,5
"274","PLAZA PATRIA","Tue",-103.37816452,20.712261428,5
"275","PLAZA SAN ISIDRO","Mon",-103.3860771,20.741291984,5
"276","PRADOS VALLARTA","Thu",-103.41756204,20.675830982,5
"277","PRIMAVERA LA","Mon",-103.56655024,20.725101956,5
"278","RESIDENCIAL PATRIA","Sat",-103.37528816,20.713518386,5
"279","RESIDENCIAL VICTORIA","Mon",-103.39971376,20.645199788,5
"280","SAN ISIDRO EJIDAL","Fri",-103.39749218,20.728748242,5
"281","SANTA LUCIA","Fri",-103.49718948,20.802484952,5
"282","SANTA MARGARITA","Sun",-103.41343742,20.72832595,5
"283","SEATTLE","Wed",-103.37621024,20.719538338,5
"284","TUZANIA LA","Wed",-103.41434926,20.73612613,5
"285","VENTA DEL ASTILLERO LA","Tue",-103.54280168,20.728100218,5
"286","VILLAS DE GUADALUPE","Sat",-103.34149262,20.752304298,5
"287","AGRICOLA","Mon",-103.43269995,20.6159968425,4
"288","ALTAGRACIA","Wed",-103.392882625,20.7422383875,4
"289","ANGELES DE NEXTIPAC LOS","Sun",-103.498440025,20.78973055,4
"290","ARCOS DE GUADALUPE","Mon",-103.432798675,20.6640932525,4
"291","ARCOS DE GUADALUPE","Sat",-103.436020225,20.6652353475,4
"292","ARCOS DE GUADALUPE","Wed",-103.434165975,20.6657568175,4
"293","ARROYO HONDO","Tue",-103.344747725,20.7393245575,4
"294","ATEMAJAC DEL VALLE","Sun",-103.3572114,20.7202573775,4
"295","ATEMAJAC DEL VALLE","Tue",-103.35254215,20.7192725475,4
"296","BALCONES DE LA CANTERA","Wed",-103.353353325,20.7428942075,4
"297","BENITO JUAREZ NORTE","Fri",-103.338494725,20.738425325,4
"298","BOSQUE DE LA PRIMAVERA","Sat",-103.580474275,20.70163158,4
"299","BRISAS DE LA PRIMAVERA","Fri",-103.478199475,20.648365845,4
"300","BUGAMBILIAS","Sun",-103.4505761,20.6034577775,4
"301","BUGAMBILIAS","Thu",-103.4453648,20.6001819725,4
"302","BUGAMBILIAS","Wed",-103.442474125,20.603725615,4
"303","CAJETES LOS","Wed",-103.424362925,20.59041067,4
"304","CAMICHINES VALLARTA","Sat",-103.4295853,20.67945094,4
"305","CANTERAS DEL CENTINELA","Sat",-103.382538075,20.76443606,4
"306","CAPULLO EL","Thu",-103.384600525,20.7193698425,4
"307","CAPULLO EL","Wed",-103.384859125,20.720252225,4
"308","CHAPALITA","Sat",-103.407494875,20.6650044225,4
"309","CHAPALITA","Wed",-103.4048309,20.664850755,4
"310","CIUDAD GRANJA","Thu",-103.447458725,20.6807531,4
"311","COLINAS DE LAS AGUILAS","Tue",-103.409085775,20.6235336475,4
"312","COLLI CTM","Mon",-103.43007395,20.649099635,4
"313","COLLI CTM","Thu",-103.4280422,20.64918141,4
"314","CONJUNTO LAURELES","Mon",-103.3872966,20.73323066,4
"315","CONJUNTO LAURELES","Tue",-103.3871344,20.7334060325,4
"316","CONJUNTO LAURELES","Wed",-103.386589025,20.733031685,4
"317","CONJUNTO PATRIA","Mon",-103.3784929,20.715325415,4
"318","CORONILLA LA","Mon",-103.329045375,20.7581196925,4
"319","DIVISION DEL NORTE","Mon",-103.353866275,20.7326144825,4
"320","EMILIANO ZAPATA","Mon",-103.3651758,20.7503389525,4
"321","FRANCISCO SARABIA","Sat",-103.4325587,20.612315125,4
"322","GIRALDA LA","Wed",-103.405147425,20.6463965975,4
"323","GUADALUPE INN","Tue",-103.44591865,20.660130365,4
"324","HOGARES DE NUEVO MEXICO","Fri",-103.42542705,20.7642178675,4
"325","HUMEDO EL","Wed",-103.495346625,20.7941121875,4
"326","JARDIN REAL","Sat",-103.4361596,20.73311197,4
"327","JARDINES DE GUADALUPE","Mon",-103.42023685,20.66513211,4
"328","JARDINES DE GUADALUPE","Tue",-103.4219399,20.664017885,4
"329","JARDINES DE LA PATRIA","Fri",-103.41882775,20.68351656,4
"330","JARDINES DE LA PATRIA","Wed",-103.42016785,20.68343373,4
"331","JARDINES DE SAN IGNACIO","Thu",-103.403668425,20.672134865,4
"332","JARDINES DE SAN IGNACIO","Tue",-103.404147875,20.670690205,4
"333","JARDINES DEL VALLE","Fri",-103.4329289,20.7488467575,4
"334","JARDINES DEL VERGEL","Thu",-103.371193275,20.7492143725,4
"335","JARDINES SEATTLE","Tue",-103.3704163,20.7228889475,4
"336","JARDINES UNIVERSIDAD","Sat",-103.421748425,20.68835631,4
"337","JARDINES UNIVERSIDAD","Tue",-103.420817,20.68915356,4
"338","JOCOTAN","Thu",-103.438457725,20.6850882225,4
"339","LOMA BONITA","Wed",-103.409062925,20.641177105,4
"340","LOMAS ALTAS","Wed",-103.410405225,20.6856570025,4
"341","LOMAS DE ATEMAJAC","Fri",-103.361351525,20.715617305,4
"342","LOMAS DE ATEMAJAC","Mon",-103.3635623,20.71468141,4
"343","LOMAS DE ATEMAJAC","Wed",-103.36129015,20.713666475,4
"344","LOMAS DE SAN GONZALO","Sat",-103.434847625,20.77180451,4
"345","LOMAS DE TABACHINES","Sat",-103.36024495,20.7500212275,4
"346","LOMAS DE TABACHINES","Sun",-103.35667645,20.7479988925,4
"347","LOMAS DE TABACHINES","Wed",-103.360088,20.747383645,4
"348","LOMAS DE ZAPOPAN","Fri",-103.4016814,20.7461449725,4
"349","LOMAS DE ZAPOPAN","Mon",-103.399331025,20.747911155,4
"350","LOMAS DEL BATAN","Wed",-103.3507971,20.72478927,4
"351","LOMAS DEL CENTINELA","Fri",-103.3658031,20.760120295,4
"352","LOMAS DEL CENTINELA","Sun",-103.364117825,20.760992215,4
"353","LOMAS UNIVERSIDAD","Mon",-103.431223575,20.6844793875,4
"354","MANTE EL","Sat",-103.425285325,20.6095906775,4
"355","MANTE EL","Tue",-103.423251725,20.6089805225,4
"356","MARIANO OTERO","Thu",-103.449155175,20.6300271,4
"357","MARTINICA LA","Thu",-103.365701725,20.7443057725,4
"358","MESA COLORADA","Wed",-103.340533225,20.76467797,4
"359","MESA DE LOS OCOTES","Fri",-103.3466116,20.763394765,4
"360","MESA DE LOS OCOTES","Thu",-103.349689625,20.76524841,4
"361","MIGUEL HIDALGO","Fri",-103.33778805,20.7471179125,4
"362","MILPILLAS","Mon",-103.428968025,20.932927565,4
"363","MIRADOR DE SAN ISIDRO","Tue",-103.392450625,20.761011605,4
"364","MIRADOR DEL SOL","Mon",-103.4207077,20.6534225,4
"365","MIRADOR DEL SOL","Tue",-103.4201789,20.653243295,4
"366","MIRADOR ESCONDIDO","Wed",-103.33125285,20.764863395,4
"367","MISION DEL BOSQUE","Mon",-103.389232825,20.76055646,4
"368","MISION LA FLORESTA","Sat",-103.465036475,20.6254097825,4
"369","NUCLEO BELENES","Fri",-103.38088795,20.738502885,4
"370","NUEVA ESPAniA","Mon",-103.341862675,20.743435135,4
"371","NUEVA PRIMAVERA","Sun",-103.428457325,20.6526353175,4
"372","NUEVO MEXICO","Wed",-103.43560255,20.7599146525,4
"373","NUEVO VERGEL","Wed",-103.3629013,20.7534468125,4
"374","PARQUES DE TESISTAN","Fri",-103.4705574,20.799213,4
"375","PARQUES DE TESISTAN","Mon",-103.468701175,20.7959922125,4
"376","PARQUES DEL AUDITORIO","Thu",-103.352804275,20.737285465,4
"377","PINAR DE LA CALMA","Fri",-103.416687925,20.61846035,4
"378","PINAR DE LA CALMA","Sat",-103.4182461,20.6228959725,4
"379","PIRAMIDES LAS","Sat",-103.43320285,20.6270092125,4
"380","PLAZA DEL SOL","Fri",-103.401808175,20.6503425,4
"381","PRADOS DE SANTA LUCIA","Mon",-103.502762225,20.8014344375,4
"382","PRADOS DE SANTA LUCIA","Thu",-103.5044944,20.799349485,4
"383","PRADOS TEPEYAC","Wed",-103.414248925,20.654469025,4
"384","REAL VALLARTA","Thu",-103.4242717,20.6752612725,4
"385","REAL VALLARTA","Tue",-103.42478195,20.675850855,4
"386","REAL VALLARTA","Wed",-103.424823925,20.675099185,4
"387","RESIDENCIAL MOCTEZUMA PONIENTE","Fri",-103.4346191,20.6483833175,4
"388","RESIDENCIAL PATRIA","Mon",-103.374937075,20.7141580075,4
"389","RESIDENCIAL PATRIA","Thu",-103.375935275,20.7132885025,4
"390","RESIDENCIAL PLAZA GUADALUPE","Sat",-103.432480825,20.6552217525,4
"391","RESIDENCIAL PLAZA GUADALUPE","Wed",-103.432917425,20.6563824975,4
"392","RESIDENCIAL PONIENTE","Thu",-103.4297558,20.7263519875,4
"393","RESIDENCIAL PONIENTE","Tue",-103.4289144,20.726681035,4
"394","RESIDENCIAL VICTORIA","Sat",-103.40035585,20.6455139175,4
"395","RESIDENCIAL VICTORIA","Tue",-103.3999022,20.646963045,4
"396","RESIDENCIAL VIRREYES","Wed",-103.439888375,20.6933785325,4
"397","RINCONADA DE LA CALMA","Mon",-103.4088675,20.6313362175,4
"398","RINCONADA DE LA CALMA","Wed",-103.40806705,20.6306773775,4
"399","SAN ESTEBAN","Wed",-103.374393025,20.7972030675,4
"400","SAN ISIDRO EJIDAL","Thu",-103.398629525,20.72996772,4
"401","SANTA MONICA DE LOS CHORRITOS","Wed",-103.496071,20.79512459,4
"402","TEPEYAC","Mon",-103.384217925,20.72633452,4
"403","TESISTAN","Fri",-103.480037625,20.7982647275,4
"404","TULE EL","Thu",-103.450636175,20.6933694925,4
"405","UNIDAD LOPEZ PORTILLO","Fri",-103.3448918,20.73565391,4
"406","UNIDAD REPUBLICA","Thu",-103.396444125,20.72214524,4
"407","VALLARTA LA PATRIA","Mon",-103.419989125,20.674186125,4
"408","VALLARTA LA PATRIA","Thu",-103.419842,20.67351049,4
"409","VALLE DE LOS MOLINOS","Sat",-103.427107175,20.8534575175,4
"410","VALLE DE SAN ISIDRO","Mon",-103.387643175,20.751722095,4
"411","VENTA DEL ASTILLERO LA","Wed",-103.54044865,20.7295808925,4
"412","VENUSTIANO CARRANZA","Wed",-103.35739625,20.72474932,4
"413","VICTOR HUGO","Mon",-103.34048075,20.7254124625,4
"414","VILLAS DE GUADALUPE","Fri",-103.343808925,20.75014699,4
"415","VILLAS DE GUADALUPE","Sun",-103.34157775,20.7519595725,4
"416","AGRICOLA","Fri",-103.432978533333,20.6137688633333,3
"417","AGRICOLA","Wed",-103.432093266667,20.6169634666667,3
"418","AGUA BLANCA SUR","Fri",-103.434533433333,20.59726278,3
"419","AGUA BLANCA SUR","Wed",-103.4335674,20.59624513,3
"420","AGUA FRIA","Sun",-103.351834666667,20.7479653433333,3
"421","AGUILAS LAS","Tue",-103.415918066667,20.62690771,3
"422","ALTAGRACIA","Fri",-103.3936919,20.7418252566667,3
"423","ALTAMIRA","Tue",-103.3854365,20.7128273666667,3
"424","AMPLIACION SANTA LUCIA","Sat",-103.498067566667,20.8097341866667,3
"425","AMPLIACION SANTA LUCIA","Thu",-103.497103066667,20.8111288766667,3
"426","ARCOS DE GUADALUPE","Thu",-103.4376181,20.66726941,3
"427","ARCOS DE GUADALUPE","Tue",-103.435352,20.66455486,3
"428","ARCOS DE ZAPOPAN","Sun",-103.406576,20.7404801566667,3
"429","ARROYO HONDO","Fri",-103.347538966667,20.7423625233333,3
"430","ATEMAJAC DEL VALLE","Wed",-103.350567133333,20.7198995166667,3
"431","AUDITORIO","Tue",-103.347704133333,20.73162708,3
"432","AUDITORIO","Wed",-103.347648933333,20.73018019,3
"433","BALCONES DE LA CANTERA","Fri",-103.354162233333,20.74238968,3
"434","BALCONES DEL SOL","Mon",-103.457958133333,20.65076834,3
"435","BATAN EL","Fri",-103.347108366667,20.7221916466667,3
"436","BATAN EL","Mon",-103.346211466667,20.7234703,3
"437","BATAN EL","Sun",-103.3460641,20.72111795,3
"438","BENITO JUAREZ","Tue",-103.338847166667,20.7355604033333,3
"439","BOSQUES DEL CENTINELA","Fri",-103.3771523,20.7562857166667,3
"440","BOSQUES DEL CENTINELA","Mon",-103.378956633333,20.7520979933333,3
"441","BUGAMBILIAS","Sat",-103.458318966667,20.60570475,3
"442","CAJETES LOS","Sat",-103.4253821,20.5908521966667,3
"443","CAJETES LOS","Sun",-103.424901966667,20.5907306766667,3
"444","CAJETES LOS","Tue",-103.426772233333,20.58962941,3
"445","CAMICHINES VALLARTA","Tue",-103.4310021,20.6797785866667,3
"446","CASITAS LAS","Mon",-103.422351833333,20.7380035133333,3
"447","CASITAS LAS","Sun",-103.423666166667,20.7373203433333,3
"448","CHAPALITA DE OCCIDENTE","Wed",-103.4237457,20.65696,3
"449","CIUDAD BUGAMBILIAS","Mon",-103.4591568,20.61017793,3
"450","CIUDAD BUGAMBILIAS","Thu",-103.4598405,20.60956684,3
"451","CIUDAD DEL SOL","Fri",-103.406023833333,20.65159035,3
"452","CIUDAD DEL SOL","Wed",-103.407833266667,20.65331964,3
"453","CIUDAD GRANJA","Tue",-103.445597266667,20.6834471233333,3
"454","COLINAS DE ATEMAJAC","Sat",-103.363250933333,20.7185259133333,3
"455","COLINAS DE LA PRIMAVERA","Sat",-103.472803533333,20.63866608,3
"456","COLINAS DE LAS AGUILAS","Mon",-103.409495066667,20.6269652933333,3
"457","CONJUNTO PATRIA","Fri",-103.378028166667,20.71516661,3
"458","CORONILLA LA","Fri",-103.329112466667,20.75770259,3
"459","DIVISION DEL NORTE","Fri",-103.355729333333,20.7327823066667,3
"460","DIVISION DEL NORTE","Tue",-103.354890266667,20.7329602666667,3
"461","EJIDO COPALITA","Sun",-103.4481462,20.8276107166667,3
"462","ESTADIO OMNILIFE","Thu",-103.4624413,20.6799850233333,3
"463","ESTANCIA LA","Sat",-103.4266019,20.6721520766667,3
"464","FRANCISCO SARABIA","Mon",-103.430867,20.6114409033333,3
"465","FUENTES LAS","Mon",-103.423783133333,20.6201147633333,3
"466","GUSA LA","Sun",-103.365563066667,20.72265987,3
"467","GUSTAVO DIAZ ORDAZ","Wed",-103.4203401,20.6194564633333,3
"468","HACIENDAS DEL VALLE","Wed",-103.394735233333,20.7591872233333,3
"469","HIGUERA LA","Sat",-103.332047966667,20.7506811566667,3
"470","HUMEDO EL","Mon",-103.501717733333,20.79372839,3
"471","INDIGENA DE MEZQUITAN","Sat",-103.333623633333,20.7393764533333,3
"472","INDIGENA DE MEZQUITAN","Sun",-103.331756133333,20.7382532433333,3
"473","INDUSTRIAL BELENES","Fri",-103.378442766667,20.7379412533333,3
"474","INDUSTRIAL BELENES","Thu",-103.3779147,20.7357916066667,3
"475","INDUSTRIAL BELENES","Wed",-103.378571033333,20.73754326,3
"476","IXCATAN","Fri",-103.344232866667,20.8498061933333,3
"477","IXCATAN","Mon",-103.3403784,20.8498644833333,3
"478","JARDIN REAL","Thu",-103.438229,20.73576005,3
"479","JARDINES DE LA ESPERANZA","Fri",-103.3573855,20.7380942,3
"480","JARDINES DE LA ESPERANZA","Wed",-103.3567973,20.73830771,3
"481","JARDINES DE LAS FUENTES","Mon",-103.4629905,20.7813011933333,3
"482","JARDINES DE LOS BELENES","Sat",-103.333986366667,20.7311870333333,3
"483","JARDINES DE NUEVO MEXICO","Sun",-103.4434873,20.7641480666667,3
"484","JARDINES DEL SOL","Fri",-103.415970766667,20.64997465,3
"485","JARDINES DEL VALLE","Tue",-103.4300426,20.7459344266667,3
"486","JOCOTAN","Wed",-103.4414271,20.68630136,3
"487","LAGOS DEL COUNTRY","Mon",-103.3692078,20.7146694666667,3
"488","LAGOS DEL COUNTRY","Wed",-103.369217733333,20.71394891,3
"489","LOMA BONITA EJIDAL","Fri",-103.4053157,20.6293621266667,3
"490","LOMA BONITA EJIDAL","Mon",-103.404932466667,20.6301077566667,3
"491","LOMA BONITA EJIDAL","Sat",-103.405731866667,20.6266636633333,3
"492","LOMA BONITA EJIDAL","Tue",-103.404922,20.62686946,3
"493","LOMA BONITA RESIDENCIAL","Fri",-103.4036799,20.63912392,3
"494","LOMAS ALTAS","Mon",-103.411095333333,20.6853389366667,3
"495","LOMAS ALTAS","Tue",-103.409492866667,20.6858902866667,3
"496","LOMAS DE ATEMAJAC","Sat",-103.3621649,20.7152587133333,3
"497","LOMAS DE GUADALUPE","Fri",-103.417374266667,20.6694120833333,3
"498","LOMAS DE LA PRIMAVERA","Mon",-103.471208266667,20.6441939366667,3
"499","LOMAS DE LA PRIMAVERA","Wed",-103.471987666667,20.6445420266667,3
"500","LOMAS DE SAN GONZALO","Thu",-103.435907233333,20.7712060733333,3
"501","LOMAS DE ZAPOPAN","Wed",-103.4042131,20.74494209,3
"502","LOMAS DEL BATAN","Mon",-103.3505746,20.72327474,3
"503","LOMAS DEL BATAN","Thu",-103.350242266667,20.7245621266667,3
"504","LOMAS DEL CENTINELA","Mon",-103.362660366667,20.75803386,3
"505","LOMAS DEL REFUGIO","Mon",-103.338552466667,20.7427307133333,3
"506","LOMAS DEL REFUGIO","Tue",-103.3371131,20.74298311,3
"507","LOMAS DEL SEMINARIO","Mon",-103.4219921,20.66885249,3
"508","LOMAS UNIVERSIDAD","Thu",-103.431866266667,20.68396423,3
"509","LOMAS UNIVERSIDAD","Wed",-103.433329633333,20.6835868366667,3
"510","MAGDALENA LA","Thu",-103.461542,20.8033422433333,3
"511","MANTE EL","Fri",-103.423647733333,20.6108537133333,3
"512","MANTE EL","Mon",-103.423946866667,20.60864354,3
"513","MARCELINO GARCIA BARRAGAN","Fri",-103.446093466667,20.7728931833333,3
"514","MARCELINO GARCIA BARRAGAN","Sat",-103.445814333333,20.77177933,3
"515","MARTINICA LA","Fri",-103.3678686,20.74993069,3
"516","MESA COLORADA","Sun",-103.3385173,20.7649010333333,3
"517","MESA COLORADA","Thu",-103.3397819,20.7632719466667,3
"518","MESA COLORADA","Tue",-103.340631566667,20.7651002266667,3
"519","MESA COLORADA PONIENTE","Sat",-103.341582966667,20.7709684033333,3
"520","MIGUEL DE LA MADRID HURTADO","Wed",-103.432700833333,20.6074876266667,3
"521","MIGUEL HIDALGO","Wed",-103.3391501,20.74768759,3
"522","MILPILLAS","Wed",-103.436845533333,20.9208867733333,3
"523","MIRAMAR","Sun",-103.4418995,20.6352357433333,3
"524","MISION DEL BOSQUE","Sat",-103.3885078,20.7617303566667,3
"525","MISION DEL BOSQUE","Wed",-103.388877133333,20.76249196,3
"526","MOLINOS LOS","Sat",-103.446874066667,20.81967844,3
"527","NEXTIPAC","Fri",-103.5274312,20.7638534133333,3
"528","NEXTIPAC","Tue",-103.521544666667,20.7683414133333,3
"529","NUEVO MEXICO","Mon",-103.439106933333,20.7595726233333,3
"530","NUEVO VERGEL","Thu",-103.364007933333,20.7527469466667,3
"531","PARAISOS DEL COLLI","Sun",-103.454482666667,20.6485758566667,3
"532","PINAR DE LA CALMA","Tue",-103.415000766667,20.6203300633333,3
"533","PLAZA ANDARES","Mon",-103.411895333333,20.71037288,3
"534","PLAZA DEL SOL","Tue",-103.401631066667,20.6501328966667,3
"535","PLAZA DEL SOL","Wed",-103.401278933333,20.6510755433333,3
"536","PLAZA PATRIA","Thu",-103.379570666667,20.7122110666667,3
"537","PRADOS TEPEYAC","Fri",-103.4129898,20.65685035,3
"538","PRADOS TEPEYAC","Mon",-103.414084566667,20.6555265033333,3
"539","PRADOS TEPEYAC","Thu",-103.413905166667,20.6577473833333,3
"540","PRADOS VALLARTA","Tue",-103.4178989,20.6763050133333,3
"541","PUERTA DE HIERRO","Wed",-103.4140973,20.7119441566667,3
"542","RESIDENCIAL MOCTEZUMA","Wed",-103.431487433333,20.6516025,3
"543","RESIDENCIAL MOCTEZUMA PONIENTE","Sat",-103.4352401,20.6477575466667,3
"544","RESIDENCIAL PATRIA","Tue",-103.3757562,20.71318198,3
"545","RESIDENCIAL PLAZA GUADALUPE","Fri",-103.4363709,20.6570027133333,3
"546","RESIDENCIAL PLAZA GUADALUPE","Thu",-103.433109966667,20.6544583766667,3
"547","RESIDENCIAL PLAZA GUADALUPE","Tue",-103.4337949,20.6565184233333,3
"548","RESIDENCIAL PONIENTE","Mon",-103.428718166667,20.7279357166667,3
"549","RESIDENCIAL PONIENTE","Sat",-103.428892966667,20.7278949766667,3
"550","RESIDENCIAL SANTA MARGARITA","Fri",-103.4202688,20.7363497733333,3
"551","RESIDENCIAL VICTORIA","Thu",-103.401136533333,20.6443534166667,3
"552","RESIDENCIAL VICTORIA","Wed",-103.400603766667,20.6436304333333,3
"553","RINCONADA DE LA CALMA","Fri",-103.409525233333,20.63312942,3
"554","RINCONADA DEL AUDITORIO","Thu",-103.3450243,20.7368943166667,3
"555","RINCONADA LAS PALMAS","Fri",-103.3997797,20.75379965,3
"556","RINCONADA LAS PALMAS","Sat",-103.400308033333,20.75357083,3
"557","SAN ISIDRO EJIDAL","Sat",-103.400285266667,20.7312701966667,3
"558","SAN JOSE DEL BAJIO","Sat",-103.403625333333,20.7323563833333,3
"559","SAN MIGUEL DE LA COLINA","Mon",-103.387850766667,20.7176600266667,3
"560","SAN MIGUEL TATEPOSCO","Thu",-103.377455533333,20.80969429,3
"561","SANTA MARIA DEL PUEBLITO","Tue",-103.4357278,20.6797937366667,3
"562","TEPEYAC CASINO","Tue",-103.415611566667,20.6598759466667,3
"563","TIGRE EL","Sat",-103.419546566667,20.7641104533333,3
"564","TRIANGULO EL","Sat",-103.442561,20.7523801933333,3
"565","UNIDAD LOPEZ PORTILLO","Thu",-103.344976366667,20.73437704,3
"566","UNIDAD UAG","Mon",-103.4073198,20.72348684,3
"567","UNIDAD UAG","Thu",-103.406050966667,20.7236658433333,3
"568","VALLE DE NUEVO MEXICO","Sat",-103.4428013,20.7695379833333,3
"569","VALLE DE NUEVO MEXICO","Wed",-103.442821066667,20.77022962,3
"570","VENTA DEL ASTILLERO LA","Mon",-103.541440633333,20.7284829,3
"571","VICTOR HUGO","Fri",-103.337899766667,20.7249351766667,3
"572","VICTOR HUGO","Sat",-103.340863666667,20.7259110566667,3
"573","VIGIA EL","Wed",-103.392517766667,20.72900794,3
"574","VILLA LA","Fri",-103.395370233333,20.72779911,3
"575","VILLA UNIVERSITARIA","Thu",-103.414878466667,20.69181958,3
"576","VILLAS DE LOS BELENES","Mon",-103.3815178,20.7303039966667,3
"577","VISTA HERMOSA","Fri",-103.333238333333,20.7603155766667,3
"578","VISTA HERMOSA","Wed",-103.3339278,20.7605444666667,3
"579","VISTAS DE TESISTAN","Mon",-103.4863736,20.81298242,3
"580","ZOQUIPAN","Mon",-103.369721333333,20.71913427,3
"581","ZOQUIPAN","Sat",-103.368558666667,20.7177531866667,3
"582","AGRICOLA","Sat",-103.43039285,20.61645759,2
"583","AGRICOLA","Sun",-103.42976105,20.615924115,2
"584","AGRICOLA","Thu",-103.4284427,20.61331995,2
"585","AGRICOLA","Tue",-103.43199905,20.61569243,2
"586","AGUA BLANCA","Mon",-103.43340375,20.602061425,2
"587","AGUA BLANCA","Sat",-103.43188675,20.6050763,2
"588","AGUA BLANCA","Thu",-103.4327363,20.60555248,2
"589","AGUA BLANCA INDUSTRIAL","Thu",-103.42547395,20.60098963,2
"590","AGUA BLANCA SUR","Mon",-103.43779645,20.597699125,2
"591","AGUA BLANCA SUR","Sat",-103.4327091,20.595838675,2
"592","AGUA BLANCA SUR","Tue",-103.4357778,20.597482495,2
"593","AGUA FRIA","Mon",-103.34733095,20.74700887,2
"594","AGUILAS LAS","Sun",-103.41778045,20.62701059,2
"595","AGUJAS LAS","Mon",-103.48429905,20.79523809,2
"596","AGUJAS LAS","Sat",-103.4866565,20.79974935,2
"597","AGUJAS LAS","Thu",-103.48200335,20.791162445,2
"598","AGUJAS LAS","Tue",-103.4863938,20.794769565,2
"599","AGUJAS LAS","Wed",-103.4851657,20.794620215,2
"600","ALBATERRA","Thu",-103.44913825,20.85040686,2
"601","ALTAGRACIA","Thu",-103.39206335,20.748285795,2
"602","ALTAMIRA","Thu",-103.3829411,20.71197883,2
"603","ALTAMIRA","Wed",-103.38598125,20.71197167,2
"604","ANGELES DE NEXTIPAC LOS","Mon",-103.4967123,20.790228665,2
"605","ANGELES DE NEXTIPAC LOS","Wed",-103.4990838,20.79140573,2
"606","ARBOLEDA LA","Mon",-103.40651235,20.731683815,2
"607","ARBOLEDA LA","Sat",-103.4073893,20.73201543,2
"608","ARBOLEDA LA","Wed",-103.4064759,20.732232495,2
"609","ARCOS DE GUADALUPE","Fri",-103.43369855,20.66238009,2
"610","ARROYO HONDO","Sun",-103.34662705,20.74029465,2
"611","BAJIO EL","Fri",-103.46066785,20.70195133,2
"612","BALCONES DE LA CANTERA","Tue",-103.35442525,20.74328529,2
"613","BALCONES DEL SOL","Sun",-103.45718165,20.64972638,2
"614","BALCONES DEL SOL","Wed",-103.45937845,20.65014724,2
"615","BATAN EL","Thu",-103.34438115,20.722992375,2
"616","BOSQUES DEL CENTINELA","Sat",-103.38138,20.754704935,2
"617","BOSQUES DEL CENTINELA","Thu",-103.3753834,20.75130604,2
"618","BOSQUES DEL CENTINELA","Wed",-103.38055565,20.75162792,2
"619","BOVEDAS LAS","Wed",-103.42362845,20.735080985,2
"620","BRISEniO EL","Fri",-103.4351104,20.624770145,2
"621","BRISEniO EL","Tue",-103.4362724,20.626216435,2
"622","CAMPANARIO EL","Sat",-103.43642745,20.59135407,2
"623","CAMPANARIO EL","Sun",-103.43088485,20.591065005,2
"624","CAMPESTRE LOS PINOS","Mon",-103.4378497,20.606767805,2
"625","CARLOS RIVERA ACEVES","Wed",-103.46526155,20.64018446,2
"626","CASITAS LAS","Sat",-103.42314755,20.73836299,2
"627","CENTINELA EL","Mon",-103.3800428,20.75698562,2
"628","CERRITOS LOS","Tue",-103.3423931,20.73529775,2
"629","CHAPALITA","Sun",-103.4064938,20.666474855,2
"630","CHAPALITA DE OCCIDENTE","Fri",-103.4248622,20.658966445,2
"631","CHAPALITA INN","Tue",-103.4442586,20.658955225,2
"632","CHAPALITA SUR","Mon",-103.40147445,20.661773705,2
"633","CIMA LA","Fri",-103.41326795,20.747907085,2
"634","CIMA LA","Thu",-103.41331755,20.750838675,2
"635","CIUDAD BUGAMBILIAS","Sun",-103.45924095,20.610564315,2
"636","CIUDAD DE LOS NIniOS","Fri",-103.4146477,20.6616733,2
"637","CIUDAD DE LOS NIniOS","Wed",-103.4109657,20.66451928,2
"638","CIUDAD GRANJA","Sun",-103.4518291,20.68639319,2
"639","COLEGIO DEL AIRE","Mon",-103.44052575,20.74997463,2
"640","COLEGIO DEL AIRE","Sat",-103.4422782,20.7541735,2
"641","COLINAS DE ATEMAJAC","Thu",-103.3649095,20.718849215,2
"642","COLINAS DE LA PRIMAVERA","Tue",-103.4735527,20.63721931,2
"643","COLINAS DE LA PRIMAVERA","Wed",-103.47138525,20.63614753,2
"644","COLINAS DE LAS AGUILAS","Sat",-103.4109172,20.620972375,2
"645","COLLI CTM","Fri",-103.42912215,20.647800935,2
"646","CONJUNTO LAURELES","Thu",-103.3873832,20.733727865,2
"647","CONJUNTO ZAPOPAN","Fri",-103.3838677,20.732405755,2
"648","CORONILLA LA","Thu",-103.32927405,20.76015157,2
"649","DIVISION DEL NORTE","Sat",-103.3561527,20.732966945,2
"650","DIVISION DEL NORTE","Wed",-103.354079,20.73224347,2
"651","EJIDO COPALITA","Tue",-103.4496603,20.82905746,2
"652","EMILIANO ZAPATA","Fri",-103.36442735,20.74977308,2
"653","EMILIANO ZAPATA","Sat",-103.3645043,20.748620775,2
"654","ESTADIO OMNILIFE","Sat",-103.46330755,20.684646535,2
"655","ESTADIO OMNILIFE","Wed",-103.46130945,20.695743155,2
"656","ESTANCIA LA","Tue",-103.4292177,20.66926807,2
"657","EUCALIPTO VALLARTA","Mon",-103.427235,20.679465745,2
"658","EXPERIENCIA LA","Fri",-103.3362424,20.73051985,2
"659","EXPERIENCIA LA","Thu",-103.3353397,20.730346995,2
"660","EXTRAMUROS","Wed",-103.45467385,20.814173345,2
"661","FLORIDA LA","Fri",-103.4254739,20.59795948,2
"662","FLORIDA LA","Sat",-103.42655675,20.597450335,2
"663","FORTIN EL","Fri",-103.46884775,20.62373046,2
"664","FORTIN EL","Wed",-103.47112905,20.626891345,2
"665","FRANCISCO SARABIA","Fri",-103.4374656,20.61360132,2
"666","FRANCISCO SARABIA","Sun",-103.4340699,20.612005775,2
"667","FRANCISCO SARABIA","Thu",-103.43846095,20.611380855,2
"668","FRESNO EL","Sat",-103.4508235,20.762887155,2
"669","GIRALDA LA","Tue",-103.40573075,20.645094545,2
"670","GLORIA DEL COLLI LA","Fri",-103.44842375,20.658048765,2
"671","GUADALUPANA","Thu",-103.49601905,20.81727779,2
"672","GUSA LA","Mon",-103.36632775,20.722217925,2
"673","GUSA LA","Thu",-103.36432375,20.72259892,2
"674","GUSTAVO DIAZ ORDAZ","Mon",-103.4206458,20.61889401,2
"675","GUSTAVO DIAZ ORDAZ","Thu",-103.42065015,20.619401515,2
"676","HACIENDA SAN ACASIO","Fri",-103.4809858,20.73730352,2
"677","HACIENDAS DE ZAPOPAN","Sat",-103.4693294,20.80103303,2
"678","HACIENDAS DE ZAPOPAN","Thu",-103.4703731,20.79984663,2
"679","HACIENDAS DEL VALLE","Fri",-103.3955151,20.75863025,2
"680","HACIENDAS DEL VALLE","Mon",-103.3975045,20.759296825,2
"681","HACIENDAS DEL VALLE","Thu",-103.3973381,20.761165855,2
"682","HACIENDAS DEL VALLE","Tue",-103.3975555,20.76035434,2
"683","HACIENDAS TEPEYAC","Thu",-103.44169615,20.65085521,2
"684","HIGUERA LA","Fri",-103.3308615,20.75118593,2
"685","HUMEDO EL","Sat",-103.4983586,20.793352215,2
"686","HUMEDO EL","Thu",-103.5004079,20.79545465,2
"687","INDIGENA DE MEZQUITAN","Mon",-103.3322508,20.738377205,2
"688","INDUSTRIAL BELENES NORTE","Mon",-103.39828225,20.737838585,2
"689","INDUSTRIAL ZAPOPAN NORTE","Mon",-103.3900811,20.740693565,2
"690","INDUSTRIAL ZAPOPAN NORTE","Tue",-103.38884305,20.74378348,2
"691","INDUSTRIAL ZAPOPAN NORTE","Wed",-103.39089465,20.74193351,2
"692","JACARANDAS","Fri",-103.38148145,20.714371865,2
"693","JACARANDAS","Mon",-103.3805735,20.715484915,2
"694","JACARANDAS","Thu",-103.383665,20.71688896,2
"695","JACARANDAS","Tue",-103.3829067,20.713432695,2
"696","JARDINES DE LA PATRIA","Mon",-103.41719395,20.68608131,2
"697","JARDINES DE LA PATRIA","Thu",-103.41864805,20.683395065,2
"698","JARDINES DE LOS BELENES","Fri",-103.3356523,20.73448117,2
"699","JARDINES DE LOS BELENES","Mon",-103.3328581,20.733264855,2
"700","JARDINES DE SAN IGNACIO","Sat",-103.4043929,20.667734135,2
"701","JARDINES DEL IXTEPETE","Sun",-103.4418845,20.62535707,2
"702","JARDINES DEL VERGEL","Mon",-103.37275205,20.750237045,2
"703","JARDINES DEL VERGEL","Tue",-103.37199775,20.749712265,2
"704","JARDINES SEATTLE","Fri",-103.3769104,20.72322755,2
"705","JARDINES TAPATIOS","Tue",-103.46816925,20.63885849,2
"706","JARDINES TEPEYAC","Fri",-103.42263485,20.657517975,2
"707","LA GRAN PLAZA","Fri",-103.40383665,20.674207785,2
"708","LA GRAN PLAZA","Mon",-103.4044166,20.673821405,2
"709","LA GRAN PLAZA","Sat",-103.40445085,20.673972235,2
"710","LAGOS DEL COUNTRY","Fri",-103.3684118,20.71459695,2
"711","LAGOS DEL COUNTRY","Sat",-103.3693316,20.71497714,2
"712","LOMA BONITA","Sat",-103.4099217,20.639934325,2
"713","LOMA BONITA EJIDAL","Sun",-103.4040712,20.629676075,2
"714","LOMA BONITA RESIDENCIAL","Mon",-103.402825,20.63596479,2
"715","LOMA BONITA RESIDENCIAL","Tue",-103.40085325,20.637405505,2
"716","LOMA BONITA RESIDENCIAL","Wed",-103.402954,20.637226485,2
"717","LOMAS DE ATEMAJAC","Tue",-103.36481345,20.716245305,2
"718","LOMAS DE GUADALUPE","Tue",-103.4195034,20.6696082,2
"719","LOMAS DE LA PRIMAVERA","Tue",-103.472814,20.639553075,2
"720","LOMAS DE SAN GONZALO","Fri",-103.4378102,20.773110455,2
"721","LOMAS DE SAN GONZALO","Tue",-103.4359114,20.77148136,2
"722","LOMAS DE TABACHINES","Fri",-103.35935055,20.75206528,2
"723","LOMAS DE TABACHINES","Tue",-103.3610798,20.74811555,2
"724","LOMAS DE ZAPOPAN","Sun",-103.3991637,20.743432345,2
"725","LOMAS DEL BOSQUE","Sat",-103.40736755,20.710409795,2
"726","LOMAS DEL CENTINELA","Tue",-103.3630602,20.75960373,2
"727","LOMAS DEL COLLI","Mon",-103.45023325,20.665902455,2
"728","LOMAS DEL REFUGIO","Fri",-103.33772835,20.74292059,2
"729","LOMAS DEL REFUGIO","Thu",-103.3390645,20.743027155,2
"730","LOMAS DEL SEMINARIO","Fri",-103.4233016,20.66749865,2
"731","LOMAS DEL SEMINARIO","Tue",-103.42311185,20.669626525,2
"732","LOMAS UNIVERSIDAD","Fri",-103.43214345,20.68269535,2
"733","LOMAS UNIVERSIDAD","Tue",-103.4324442,20.68429292,2
"734","MAESTROS LOS","Sat",-103.37553015,20.72314651,2
"735","MAESTROS LOS","Sun",-103.37584915,20.723699055,2
"736","MAGDALENA LA","Mon",-103.4615757,20.80384029,2
"737","MANTE EL","Wed",-103.42689835,20.61250462,2
"738","MARCELINO GARCIA BARRAGAN","Mon",-103.4462292,20.773588795,2
"739","MARCELINO GARCIA BARRAGAN","Sun",-103.4450784,20.774819145,2
"740","MARCELINO GARCIA BARRAGAN","Tue",-103.44637995,20.773386535,2
"741","MARCELINO GARCIA BARRAGAN","Wed",-103.44630655,20.77239659,2
"742","MARTELL DEL VALLE","Tue",-103.4802321,20.80175621,2
"743","MARTINICA LA","Mon",-103.3671822,20.74855035,2
"744","MARTINICA LA","Wed",-103.3680887,20.74781068,2
"745","MESA COLORADA PONIENTE","Sun",-103.3451653,20.77254466,2
"746","MESA COLORADA PONIENTE","Tue",-103.347667,20.77094042,2
"747","MESA COLORADA PONIENTE","Wed",-103.34604305,20.770232495,2
"748","MESA DE LOS OCOTES","Mon",-103.3482953,20.765383875,2
"749","MESA DE LOS OCOTES","Tue",-103.35418805,20.76524827,2
"750","MIGUEL DE LA MADRID HURTADO","Mon",-103.4354573,20.60572306,2
"751","MIGUEL DE LA MADRID HURTADO","Sat",-103.4346717,20.608055325,2
"752","MIGUEL DE LA MADRID HURTADO","Thu",-103.43432955,20.60607589,2
"753","MIGUEL DE LA MADRID HURTADO","Tue",-103.4355321,20.608498055,2
"754","MIGUEL HIDALGO","Thu",-103.34294635,20.74578344,2
"755","MIRADOR DE SAN ISIDRO","Sat",-103.39168565,20.759922815,2
"756","MIRADOR DEL BOSQUE","Mon",-103.4480929,20.855222035,2
"757","MIRADOR DEL BOSQUE","Wed",-103.4467638,20.85601156,2
"758","MIRADOR DEL SOL","Fri",-103.4208889,20.654581205,2
"759","MIRADOR DEL SOL","Sun",-103.4223962,20.65039137,2
"760","MIRADOR DEL SOL","Wed",-103.4223624,20.65030577,2
"761","MISION DEL BOSQUE","Fri",-103.38724435,20.76001129,2
"762","MISION DEL VALLE","Wed",-103.4393955,20.75469391,2
"763","MISION LA FLORESTA","Tue",-103.4656971,20.627304,2
"764","MOLINOS LOS","Fri",-103.45252485,20.821216415,2
"765","MOLINOS LOS","Mon",-103.4448609,20.81980509,2
"766","MOLINOS LOS","Wed",-103.4423023,20.81972152,2
"767","NEXTIPAC","Mon",-103.52539785,20.765984785,2
"768","NEXTIPAC","Sat",-103.5269684,20.76348293,2
"769","NEXTIPAC","Thu",-103.5237031,20.7674018,2
"770","NEXTIPAC","Wed",-103.5261963,20.7618572,2
"771","NUCLEO BELENES","Wed",-103.3789524,20.73908625,2
"772","NUEVA ESPAniA","Fri",-103.3459839,20.744731885,2
"773","NUEVA ESPAniA","Sun",-103.33981335,20.74323429,2
"774","NUEVA ESPAniA","Tue",-103.34246925,20.743219625,2
"775","NUEVA ESPAniA","Wed",-103.34611835,20.74460681,2
"776","NUEVA PRIMAVERA","Fri",-103.4279906,20.65441958,2
"777","NUEVA PRIMAVERA","Mon",-103.4295072,20.65070262,2
"778","NUEVA PRIMAVERA","Sat",-103.42860225,20.65425083,2
"779","NUEVA PRIMAVERA","Wed",-103.4274982,20.651869685,2
"780","NUEVO VERGEL","Fri",-103.3618073,20.75491554,2
"781","PACIFICA HABITAT","Wed",-103.44688625,20.74544604,2
"782","PALMIRA LA","Thu",-103.4265099,20.59151289,2
"783","PALMIRA LA","Tue",-103.42644345,20.592539895,2
"784","PALMITA LA","Mon",-103.35492165,20.72880049,2
"785","PALMITA LA","Sat",-103.35746575,20.729947685,2
"786","PALMITA LA","Thu",-103.35640185,20.731199725,2
"787","PALMITA LA","Wed",-103.35481435,20.729320615,2
"788","PARAISOS LOS","Mon",-103.377078,20.72774481,2
"789","PARQUES DE TESISTAN","Wed",-103.4694356,20.79744444,2
"790","PARQUES DE ZAPOPAN","Fri",-103.4427749,20.76893252,2
"791","PARQUES DEL AUDITORIO","Wed",-103.3527891,20.737267905,2
"792","PARQUES DEL CENTINELA","Fri",-103.3850916,20.75945928,2
"793","PASEOS DEL BRISEniO","Thu",-103.43623395,20.616490135,2
"794","PASEOS DEL BRISEniO","Tue",-103.4367555,20.61552056,2
"795","PATIO LA CIMA","Sun",-103.411431,20.74519601,2
"796","PATIO LA CIMA","Tue",-103.41090095,20.744981605,2
"797","PEDRO MORENO","Sat",-103.3588457,20.726888795,2
"798","PEDRO MORENO","Tue",-103.359864,20.72782987,2
"799","PERIODISTAS","Wed",-103.42708835,20.61561284,2
"800","PINAR DE LA CALMA","Thu",-103.4157717,20.62159169,2
"801","PINAR DE LA VENTA","Sun",-103.5250061,20.72597053,2
"802","PINOS LOS","Fri",-103.4050512,20.680289375,2
"803","PLAZA ANDARES","Fri",-103.41133795,20.710226995,2
"804","PLAZA CIUDADELA","Fri",-103.4200715,20.64943832,2
"805","PLAZA CORDILLERAS","Sat",-103.4223404,20.65812569,2
"806","PLAZA DEL SOL","Mon",-103.40147015,20.650247185,2
"807","PLAZA DEL SOL","Thu",-103.40124425,20.650325835,2
"808","PLAZA GALERIAS","Sat",-103.4315348,20.677057295,2
"809","PLAZA GALERIAS","Wed",-103.4307599,20.677240865,2
"810","PLAZA PATRIA","Fri",-103.3790156,20.71234778,2
"811","PLAZA SAN ISIDRO","Fri",-103.3854261,20.74188784,2
"812","PLAZA SANTA MARGARITA","Sat",-103.41985365,20.731330125,2
"813","PRADOS DE SANTA LUCIA","Sun",-103.4996454,20.799200705,2
"814","PRADOS DE SANTA LUCIA","Wed",-103.49924265,20.800265175,2
"815","PRADOS VALLARTA","Wed",-103.41651125,20.674324965,2
"816","PUERTA DEL LLANO","Wed",-103.4626056,20.782754635,2
"817","QUINTA DEL FEDERALISMO","Wed",-103.3502936,20.73542813,2
"818","REAL DE VALDEPEniAS","Mon",-103.4042757,20.75928964,2
"819","REAL DEL BOSQUE","Mon",-103.39211195,20.752702695,2
"820","REAL DEL BOSQUE","Tue",-103.39239115,20.752608155,2
"821","RESIDENCIAL DEL BOSQUE","Fri",-103.45225635,20.608959145,2
"822","RESIDENCIAL DEL PARQUE","Mon",-103.435418,20.675013895,2
"823","RESIDENCIAL MOCTEZUMA","Mon",-103.4304032,20.651770485,2
"824","RESIDENCIAL MOCTEZUMA","Sun",-103.43226215,20.6521051,2
"825","RESIDENCIAL MOCTEZUMA","Tue",-103.4318873,20.65251837,2
"826","RESIDENCIAL MOCTEZUMA PONIENTE","Tue",-103.43519895,20.648602375,2
"827","RESIDENCIAL PATRIA","Fri",-103.37483275,20.71436519,2
"828","RESIDENCIAL PLAZA GUADALUPE","Sun",-103.4368087,20.65844351,2
"829","RESIDENCIAL SANTA MARGARITA","Sat",-103.4207873,20.730412905,2
"830","RESIDENCIAL SANTA MARGARITA","Sun",-103.4199305,20.735155905,2
"831","RESIDENCIAL VICTORIA","Fri",-103.40120325,20.64352079,2
"832","RINCONADA DEL AUDITORIO","Wed",-103.3435682,20.736867875,2
"833","RINCONADA DEL PARQUE","Mon",-103.4447854,20.663917795,2
"834","RINCONADA DEL PARQUE","Sat",-103.44598025,20.664113905,2
"835","RINCONADA DEL SOL","Fri",-103.4003252,20.652384235,2
"836","RINCONADA DEL VALLE","Tue",-103.4193713,20.657170015,2
"837","RINCONADA LAS PALMAS","Thu",-103.3990019,20.75340982,2
"838","RINCONADA SAN ISIDRO","Thu",-103.38295655,20.75230795,2
"839","SAN ESTEBAN","Mon",-103.3758684,20.80247064,2
"840","SAN FRANCISCO","Mon",-103.40105135,20.72675941,2
"841","SAN GILBERTO","Mon",-103.384244,20.7342085,2
"842","SAN JOSE DEL BAJIO","Fri",-103.4044337,20.732504875,2
"843","SAN MIGUEL DE LA COLINA","Thu",-103.3855289,20.718472565,2
"844","SAN MIGUEL DE LA COLINA","Tue",-103.388133,20.71790905,2
"845","SAN MIGUEL DE LA COLINA","Wed",-103.3873298,20.718425305,2
"846","SAN MIGUEL TATEPOSCO","Fri",-103.3757803,20.806119215,2
"847","SAN MIGUEL TATEPOSCO","Wed",-103.37588025,20.80765464,2
"848","SAN NICOLAS DE LOS BELENES","Tue",-103.37372075,20.73793071,2
"849","SANTA ANA TEPETITLAN","Sun",-103.45669185,20.62263325,2
"850","SANTA ANA TEPETITLAN","Tue",-103.45528515,20.615866295,2
"851","SANTA CATALINA","Wed",-103.42293055,20.651040435,2
"852","SANTA FE","Fri",-103.3938111,20.715682865,2
"853","SANTA FE","Sat",-103.39438445,20.71307567,2
"854","SANTA LUCIA","Mon",-103.4952672,20.80222729,2
"855","SANTA LUCIA","Sat",-103.499919,20.80372553,2
"856","SANTA LUCIA","Tue",-103.49239985,20.80201273,2
"857","SANTA MARIA DEL PUEBLITO","Thu",-103.4383664,20.679211115,2
"858","SANTA MONICA DE LOS CHORRITOS","Thu",-103.4991139,20.79810503,2
"859","SEATTLE","Fri",-103.3736472,20.72169425,2
"860","SOLARES","Wed",-103.4572267,20.725775975,2
"861","TEPEYAC","Tue",-103.38459635,20.72562549,2
"862","TEPEYAC","Wed",-103.38586195,20.72826526,2
"863","TEPEYAC CASINO","Mon",-103.4153278,20.658686905,2
"864","TEPEYAC CASINO","Thu",-103.41471665,20.658755695,2
"865","TESISTAN","Sat",-103.4772812,20.795714505,2
"866","TESISTAN","Sun",-103.48005325,20.80259988,2
"867","TESISTAN","Tue",-103.4777425,20.79661912,2
"868","TULE EL","Fri",-103.45113185,20.69503154,2
"869","UNIDAD ABASTOS","Sun",-103.3892043,20.729113905,2
"870","UNIDAD FOVISSSTE","Mon",-103.40361875,20.73632887,2
"871","UNIDAD FOVISSSTE","Sat",-103.40270235,20.73686805,2
"872","UNIDAD FOVISSSTE","Tue",-103.4030515,20.737377375,2
"873","UNIDAD FOVISSSTE","Wed",-103.40349945,20.736537665,2
"874","UNIDAD REPUBLICA","Sat",-103.3964223,20.722323595,2
"875","VALLARTA LA PATRIA","Tue",-103.42103805,20.673400905,2
"876","VALLARTA UNIVERSIDAD","Mon",-103.42682985,20.69064119,2
"877","VALLE DE LOS MOLINOS","Tue",-103.4237238,20.84679869,2
"878","VALLE DE NUEVO MEXICO","Thu",-103.4427085,20.768797805,2
"879","VALLE DE SAN NICOLAS","Mon",-103.4611087,20.62780282,2
"880","VALLE DE SAN NICOLAS","Sat",-103.4608965,20.62722811,2
"881","VALLE ESCONDIDO","Thu",-103.4350901,20.74450995,2
"882","VALLE REAL","Sat",-103.45140915,20.730904,2
"883","VICENTE GUERRERO","Mon",-103.4403073,20.7670354,2
"884","VICENTE GUERRERO","Sat",-103.4404191,20.766933755,2
"885","VICENTE GUERRERO","Thu",-103.4437789,20.76837847,2
"886","VICTOR HUGO","Tue",-103.338919,20.724995465,2
"887","VILLA LA","Mon",-103.3965681,20.72819498,2
"888","VILLA LA","Sun",-103.39488195,20.7286127,2
"889","VILLA LA","Wed",-103.3950686,20.728361705,2
"890","VILLA UNIVERSITARIA","Mon",-103.41531235,20.694705795,2
"891","VILLAS DE LOS BELENES","Sun",-103.37808255,20.731311665,2
"892","VILLAS DE NUEVO MEXICO","Sat",-103.42907895,20.763802685,2
"893","VILLAS DE TORREMOLINOS","Mon",-103.39805865,20.750442895,2
"894","VILLAS DEL CENTINELA","Wed",-103.3748509,20.753333145,2
"895","VILLAS DEL IXTEPETE","Mon",-103.44267655,20.623673355,2
"896","VILLAS DEL MIRADOR","Sat",-103.3897652,20.76001648,2
"897","VILLAS LA LOMA","Sat",-103.4512047,20.77822955,2
"898","VISTA HERMOSA","Mon",-103.33433675,20.760439885,2
"899","VISTA HERMOSA","Tue",-103.33365055,20.758471075,2
"900","VISTAS DE TESISTAN","Sat",-103.48502975,20.81405725,2
"901","ZOQUIPAN","Wed",-103.3684509,20.717339615,2
"902","12 DE DICIEMBRE","Mon",-103.463915,20.64668116,1
"903","12 DE DICIEMBRE","Thu",-103.4613604,20.64852434,1
"904","12 DE DICIEMBRE","Wed",-103.4618696,20.64790947,1
"905","AGUA BLANCA","Sun",-103.4325607,20.6058296,1
"906","AGUA BLANCA INDUSTRIAL","Fri",-103.4262798,20.60198754,1
"907","AGUA BLANCA INDUSTRIAL","Mon",-103.4253691,20.60527601,1
"908","AGUA BLANCA INDUSTRIAL","Wed",-103.4260065,20.60102799,1
"909","AGUA FRIA","Sat",-103.3431567,20.75012669,1
"910","AGUA FRIA","Thu",-103.3479172,20.74765271,1
"911","AGUA FRIA","Wed",-103.3504229,20.74989895,1
"912","AGUJAS LAS","Sun",-103.486602,20.79974708,1
"913","ALAMEDAS LAS","Fri",-103.4340046,20.63630548,1
"914","ALAMEDAS LAS","Mon",-103.4377099,20.635946,1
"915","ALAMEDAS LAS","Sat",-103.4369237,20.63655764,1
"916","ALAMEDAS LAS","Thu",-103.4369019,20.63657988,1
"917","ALAMITOS LOS","Sat",-103.4347958,20.76269335,1
"918","ALAMITOS LOS","Thu",-103.4350598,20.76368554,1
"919","ALAMO","Thu",-103.5020603,20.8061313,1
"920","ALAMO","Wed",-103.4981332,20.80524664,1
"921","ALMENDROS LOS","Fri",-103.3944309,20.76686478,1
"922","ALMENDROS LOS","Mon",-103.3959361,20.76819501,1
"923","ALMENDROS LOS","Sat",-103.3944546,20.76645109,1
"924","ALMENDROS LOS","Thu",-103.3938454,20.76648068,1
"925","ALTAGRACIA","Sun",-103.3928985,20.74085109,1
"926","ALTAGRACIA","Tue",-103.3921196,20.74261317,1
"927","ALTAMIRA","Mon",-103.3873508,20.71063599,1
"928","ALTAMIRA","Sun",-103.384283,20.71110389,1
"929","ALTAVISTA","Fri",-103.4055309,20.76358708,1
"930","ALTAVISTA","Mon",-103.403943,20.76277772,1
"931","ALTAVISTA","Thu",-103.4031891,20.76631835,1
"932","ALTAVISTA","Tue",-103.3997454,20.77195905,1
"933","AMARANTO","Tue",-103.4548441,20.80958403,1
"934","AMARANTO","Wed",-103.4551761,20.80987524,1
"935","AMPLIACION SANTA LUCIA","Mon",-103.497092,20.81127038,1
"936","AMPLIACION SANTA LUCIA","Wed",-103.4972337,20.811292,1
"937","ANGELES DE NEXTIPAC LOS","Thu",-103.4995356,20.78913998,1
"938","ARBOLEDA LA","Fri",-103.4065729,20.73220577,1
"939","ARBOLEDA LA","Sun",-103.4080452,20.73239153,1
"940","ARMONIA","Sat",-103.4448772,20.74599747,1
"941","ATEMAJAC DEL VALLE","Fri",-103.3529422,20.72250267,1
"942","ATLAS COLOMOS","Sat",-103.4072719,20.71047995,1
"943","AURORA LA","Mon",-103.372011,20.72496918,1
"944","AURORA LA","Sat",-103.3738683,20.72578974,1
"945","AYAMONTE","Sat",-103.461388,20.67869016,1
"946","BAJIO EL","Sat",-103.4623738,20.69730282,1
"947","BALCONES DE LA CANTERA","Sun",-103.3551337,20.74122264,1
"948","BALCONES DEL SOL","Fri",-103.4578314,20.64864376,1
"949","BALCONES DEL SOL","Sat",-103.4580713,20.64861537,1
"950","BALCONES DEL SOL","Tue",-103.4588017,20.65061547,1
"951","BENITO JUAREZ","Fri",-103.3416789,20.73545805,1
"952","BENITO JUAREZ","Sun",-103.3413303,20.73200475,1
"953","BENITO JUAREZ NORTE","Mon",-103.3378417,20.7372575,1
"954","BENITO JUAREZ NORTE","Sat",-103.3390023,20.73715359,1
"955","BOSQUE DE LA PRIMAVERA","Mon",-103.471605,20.70698473,1
"956","BOSQUE DE LA PRIMAVERA","Thu",-103.5339701,20.73091857,1
"957","BOSQUE ESCONDIDO","Fri",-103.3560504,20.7348677,1
"958","BOSQUE LA PRIMAVERA S-III","Sun",-103.4812197,20.65386469,1
"959","BOSQUES DEL CENTINELA","Sun",-103.3739849,20.75151098,1
"960","BOSQUES DEL CENTINELA","Tue",-103.3811682,20.75195255,1
"961","BOVEDAS LAS","Fri",-103.422951,20.73540585,1
"962","BRISAS DE LA PRIMAVERA","Mon",-103.4785435,20.6461721,1
"963","BRISAS DE LA PRIMAVERA","Sat",-103.4790241,20.64732781,1
"964","BRISAS DE LA PRIMAVERA","Thu",-103.4784247,20.64614449,1
"965","BRISEniO EL","Mon",-103.4379307,20.62273597,1
"966","BRISEniO EL","Sat",-103.4353032,20.6252029,1
"967","BUGAMBILIAS","Fri",-103.4498958,20.60182223,1
"968","BUGAMBILIAS","Tue",-103.4382135,20.59936147,1
"969","BUGAMBILIAS COUNTRY","Sat",-103.4541359,20.61292812,1
"970","BUGAMBILIAS COUNTRY","Wed",-103.4540714,20.61289293,1
"971","CABAniITAS","Tue",-103.3674032,20.75288639,1
"972","CAJETES LOS","Fri",-103.4308878,20.58857849,1
"973","CAMACHOS LOS","Wed",-103.3508386,20.82015291,1
"974","CAMINO REAL","Sat",-103.4099983,20.67267416,1
"975","CAMINO REAL","Tue",-103.4125226,20.66461132,1
"976","CAMPANARIO EL","Fri",-103.4330697,20.58952367,1
"977","CAMPANARIO EL","Mon",-103.4338453,20.5955686,1
"978","CAMPANARIO EL","Thu",-103.4350907,20.58963234,1
"979","CAMPANARIO EL","Wed",-103.4382863,20.59548577,1
"980","CAMPESTRE LOS PINOS","Fri",-103.4401323,20.60614745,1
"981","CAMPESTRE LOS PINOS","Tue",-103.4399094,20.60741502,1
"982","CAMPESTRE LOS PINOS","Wed",-103.4369942,20.60527367,1
"983","CANTERAS DEL CENTINELA","Thu",-103.3842358,20.76510134,1
"984","CANTERAS DEL CENTINELA","Wed",-103.3864434,20.76597795,1
"985","CANTEROS LOS","Sun",-103.3408657,20.72803981,1
"986","CANTEROS LOS","Wed",-103.3382722,20.72920533,1
"987","CAPULLO EL","Fri",-103.3866196,20.71987244,1
"988","CARLOS RIVERA ACEVES","Fri",-103.4659793,20.64004438,1
"989","CARLOS RIVERA ACEVES","Mon",-103.4691571,20.63945621,1
"990","CARLOS RIVERA ACEVES","Sat",-103.4663085,20.64111036,1
"991","CARRETERA A COLOTLAN","Tue",-103.4551687,20.81229906,1
"992","CARRETERA A NEXTIPAC","Wed",-103.5044464,20.79062121,1
"993","CARRETERA A NOGALES","Sat",-103.4666946,20.70990082,1
"994","CARRETERA A NOGALES","Sun",-103.461757,20.7035684,1
"995","CARRETERA A NOGALES","Thu",-103.4673895,20.7103356,1
"996","CARRETERA A SALTILLO","Sat",-103.3452438,20.82063025,1
"997","CARRIZAL EL","Fri",-103.3577628,20.72086185,1
"998","CASA GRANDE","Mon",-103.3944097,20.74783096,1
"999","CASITAS LAS","Fri",-103.4236438,20.73796752,1
"1000","CASITAS LAS","Tue",-103.4217885,20.73676026,1
"1001","CASITAS LAS","Wed",-103.4253864,20.73802602,1
"1002","CASTAniOS LOS","Fri",-103.4462669,20.69717506,1
"1003","CENTINELA EL","Tue",-103.3810044,20.76183896,1
"1004","CENTRO COMERCIAL SORIANA","Fri",-103.4518204,20.73168662,1
"1005","CERRITOS LOS","Mon",-103.3428591,20.73406936,1
"1006","CERRITOS LOS","Sat",-103.3427542,20.7340896,1
"1007","CHAPALITA","Fri",-103.4043755,20.66423974,1
"1008","CHAPALITA DE OCCIDENTE","Mon",-103.4234764,20.65790936,1
"1009","CHAPALITA DE OCCIDENTE","Sat",-103.4235891,20.65858114,1
"1010","CHAPALITA DE OCCIDENTE","Sun",-103.4245859,20.65540244,1
"1011","CHAPALITA DE OCCIDENTE","Tue",-103.4245479,20.65538665,1
"1012","CHAPALITA INN","Mon",-103.4426241,20.6586516,1
"1013","CHAPALITA SUR","Thu",-103.3988897,20.65737196,1
"1014","CHAPALITA SUR","Tue",-103.406509,20.66150427,1
"1015","CHAPALITA SUR","Wed",-103.3988803,20.65743768,1
"1016","CIMA LA","Wed",-103.4151998,20.74987389,1
"1017","CIUDAD BUGAMBILIAS","Fri",-103.4621409,20.60978867,1
"1018","CIUDAD BUGAMBILIAS","Tue",-103.4649722,20.61716918,1
"1019","CIUDAD DE LOS NIniOS","Mon",-103.4161455,20.6636445,1
"1020","CIUDAD DE LOS NIniOS","Sat",-103.4121116,20.66412535,1
"1021","CIUDAD DE LOS NIniOS","Thu",-103.4117975,20.66436009,1
"1022","CIUDAD DE LOS NIniOS","Tue",-103.4147951,20.6630985,1
"1023","CIUDAD JUDICIAL","Fri",-103.4552579,20.6829401,1
"1024","CIUDAD JUDICIAL","Thu",-103.4553727,20.67689159,1
"1025","CIUDAD JUDICIAL","Tue",-103.4554116,20.68024867,1
"1026","CIUDAD JUDICIAL","Wed",-103.4554849,20.67446219,1
"1027","COLEGIO DEL AIRE","Sun",-103.4383216,20.75028964,1
"1028","COLEGIO DEL AIRE","Thu",-103.4392482,20.7490614,1
"1029","COLEGIO DEL AIRE","Tue",-103.4401777,20.74970545,1
"1030","COLEGIO DEL AIRE","Wed",-103.4422297,20.75423472,1
"1031","COLINAS DE ATEMAJAC","Fri",-103.3677369,20.7202343,1
"1032","COLINAS DE ATEMAJAC","Mon",-103.367382,20.71940833,1
"1033","COLINAS DE LA PRIMAVERA","Mon",-103.4724987,20.64033038,1
"1034","COLINAS DE LA PRIMAVERA","Thu",-103.4726041,20.63704889,1
"1035","COLINAS DE LAS AGUILAS","Fri",-103.4110966,20.62099666,1
"1036","COLINAS DE LOS BELENES","Fri",-103.3766603,20.74512754,1
"1037","COLINAS DE LOS BELENES","Wed",-103.37683,20.74510504,1
"1038","COLINAS DE LOS ROBLES","Fri",-103.4190576,20.76441735,1
"1039","COLINAS DE LOS ROBLES","Sat",-103.4239037,20.76311689,1
"1040","COLINAS DEL REY","Sat",-103.4019208,20.75048842,1
"1041","COLINAS DEL RIO","Mon",-103.4214126,20.77263738,1
"1042","COLLI CTM","Sat",-103.4310916,20.6467651,1
"1043","COLLI CTM","Wed",-103.4278436,20.64743834,1
"1044","COLLI EL","Sun",-103.4289374,20.64389133,1
"1045","COLLI PRIMAVERA","Sat",-103.4318716,20.64691533,1
"1046","COLLI PRIMAVERA","Thu",-103.4308686,20.64796618,1
"1047","COLLI SITIO","Fri",-103.440492,20.65124314,1
"1048","COLLI SITIO","Tue",-103.4396995,20.65254639,1
"1049","COLLI SITIO","Wed",-103.4411818,20.6525358,1
"1050","CONCENTRO","Mon",-103.4547953,20.69332799,1
"1051","CONCENTRO","Thu",-103.4538553,20.69271313,1
"1052","CONCENTRO","Wed",-103.4541703,20.69232153,1
"1053","CONDO PLAZA DEL SOL","Sat",-103.4011131,20.65282513,1
"1054","CONJUNTO BELENES","Fri",-103.3790641,20.7381234,1
"1055","CONJUNTO LAURELES","Sat",-103.3876391,20.73344118,1
"1056","CONJUNTO PATRIA","Sat",-103.3778201,20.71440173,1
"1057","CONJUNTO PATRIA","Wed",-103.3773526,20.71631128,1
"1058","CONJUNTO RITZ","Sun",-103.3453719,20.71652165,1
"1059","CONJUNTO RITZ","Wed",-103.3453709,20.71661485,1
"1060","COPALA","Thu",-103.4116605,20.83648592,1
"1061","COPALA","Tue",-103.4135989,20.83518576,1
"1062","CORONILLA DEL OCOTE LA","Fri",-103.6004246,20.95398794,1
"1063","CORONILLA LA","Sun",-103.3316383,20.76189043,1
"1064","CORONILLA LA","Tue",-103.3259585,20.75753341,1
"1065","COTO LOS ROBLES","Fri",-103.4901799,20.61173922,1
"1066","DIVISION DEL NORTE","Thu",-103.3521508,20.73159517,1
"1067","DON BOSCO VALLARTA","Wed",-103.4039734,20.67413291,1
"1068","EJIDO COPALITA","Mon",-103.4464329,20.82898232,1
"1069","EMILIANO ZAPATA","Tue",-103.3642127,20.7505491,1
"1070","ESTRADA LA","Fri",-103.4768752,20.79376697,1
"1071","EUCALIPTO VALLARTA","Fri",-103.4288576,20.67998506,1
"1072","EUCALIPTO VALLARTA","Sat",-103.4282756,20.67536993,1
"1073","EUCALIPTO VALLARTA","Sun",-103.4259116,20.67952267,1
"1074","EUCALIPTO VALLARTA","Tue",-103.4274792,20.67868124,1
"1075","EXHACIENDA DEL LAZO","Fri",-103.3491848,20.79061253,1
"1076","EXHACIENDA DEL LAZO","Tue",-103.3447866,20.78390254,1
"1077","EXPERIENCIA LA","Mon",-103.3375792,20.73078998,1
"1078","EXPERIENCIA LA","Sat",-103.3355309,20.73020364,1
"1079","EXPERIENCIA LA","Sun",-103.3345203,20.72984694,1
"1080","EXTRAMUROS","Mon",-103.4546653,20.81357955,1
"1081","EXTRAMUROS","Sat",-103.4548984,20.81408708,1
"1082","EXTRAMUROS","Thu",-103.4552033,20.81288942,1
"1083","FLAMINGOS LOS","Thu",-103.4505606,20.82993534,1
"1084","FLORES DEL VALLE","Tue",-103.4434697,20.74770365,1
"1085","FLORES LAS","Sat",-103.4089169,20.66534309,1
"1086","FLORES LAS","Sun",-103.4100522,20.66739655,1
"1087","FLORES LAS","Thu",-103.4096096,20.66727035,1
"1088","FLORES LAS","Wed",-103.4115107,20.66977945,1
"1089","FLORESTA LA","Mon",-103.4658232,20.62836108,1
"1090","FLORESTA LA","Sat",-103.4645506,20.64466911,1
"1091","FLORESTA LA","Wed",-103.4655149,20.64480345,1
"1092","FLORIDA LA","Mon",-103.4237094,20.59659557,1
"1093","FLORIDA LA","Sun",-103.4264643,20.59912582,1
"1094","FRAILES LOS","Fri",-103.4177386,20.72360624,1
"1095","FRAILES LOS","Tue",-103.4181646,20.72452034,1
"1096","FRANCISCO SARABIA","Tue",-103.4288728,20.61237151,1
"1097","FRANCISCO SARABIA","Wed",-103.4356808,20.61164778,1
"1098","FRANCISCO VILLA","Mon",-103.4018871,20.75038769,1
"1099","FRESNO EL","Sun",-103.4477272,20.76371647,1
"1100","FUENTECILLAS","Mon",-103.4318218,20.85393416,1
"1101","FUENTES LAS","Sat",-103.4254768,20.61784792,1
"1102","FUENTES LAS","Sun",-103.4229306,20.62103572,1
"1103","FUENTES LAS","Tue",-103.4233327,20.62046873,1
"1104","GARABATO EL","Mon",-103.4408036,20.6237106,1
"1105","GIRALDA LA","Fri",-103.4042283,20.64751739,1
"1106","GIRALDA LA","Sun",-103.4047438,20.64636003,1
"1107","GIRALDA LA","Thu",-103.4061124,20.64578128,1
"1108","GIRASOLES","Thu",-103.4235374,20.72756281,1
"1109","GIRASOLES ACUEDUCTO LOS","Fri",-103.4212738,20.7446031,1
"1110","GIRASOLES ACUEDUCTO LOS","Mon",-103.4251483,20.74174423,1
"1111","GIRASOLES ACUEDUCTO LOS","Wed",-103.4213983,20.74465557,1
"1112","GIRASOLES ELITE","Sat",-103.4226193,20.74019234,1
"1113","GIRASOLES ELITE","Wed",-103.4229144,20.74141675,1
"1114","GLORIA DEL COLLI LA","Mon",-103.4481766,20.65838263,1
"1115","GLORIA DEL COLLI LA","Sat",-103.4484461,20.65819591,1
"1116","GLORIA DEL COLLI LA","Wed",-103.4522011,20.66575753,1
"1117","GONZALEZ ORTEGA","Sun",-103.3521308,20.73057538,1
"1118","GRANA LA","Thu",-103.3823988,20.74596513,1
"1119","GUADALAJARITA","Mon",-103.395671,20.71460157,1
"1120","GUADALUPANA","Mon",-103.4960887,20.81712334,1
"1121","GUADALUPE INN","Mon",-103.446779,20.65890524,1
"1122","GUADALUPE INN","Sat",-103.4426909,20.65921735,1
"1123","GUADALUPE INN","Wed",-103.4473045,20.65909615,1
"1124","GUADALUPE JARDIN","Fri",-103.4280009,20.65929253,1
"1125","GUADALUPE JARDIN","Wed",-103.4280005,20.6583993,1
"1126","GUSA LA","Fri",-103.3631919,20.72265203,1
"1127","GUSA LA","Sat",-103.3639196,20.7229234,1
"1128","GUSTAVO DIAZ ORDAZ","Fri",-103.4216869,20.62069893,1
"1129","GUSTAVO DIAZ ORDAZ","Sat",-103.4218757,20.62115002,1
"1130","GUSTAVO DIAZ ORDAZ","Tue",-103.4179441,20.61765726,1
"1131","HACIENDA LA MORA","Sat",-103.4246411,20.73250058,1
"1132","HACIENDA LA MORA","Sun",-103.4253024,20.73138298,1
"1133","HACIENDA LA MORA","Tue",-103.42309,20.732324,1
"1134","HACIENDA SAN ACASIO","Tue",-103.4756743,20.73632571,1
"1135","HACIENDAS DEL VALLE","Sat",-103.3964406,20.76114126,1
"1136","HACIENDAS DEL VALLE","Sun",-103.3954398,20.75867972,1
"1137","HACIENDAS TEPEYAC","Mon",-103.4376818,20.65041869,1
"1138","HACIENDAS TEPEYAC","Sat",-103.4392258,20.65086525,1
"1139","HACIENDITA","Thu",-103.4431557,20.61319515,1
"1140","HEROES NACIONALES","Tue",-103.4526297,20.76585367,1
"1141","HIGUERA LA","Mon",-103.3303871,20.75408359,1
"1142","HIGUERA LA","Sun",-103.330982,20.75410181,1
"1143","HIGUERA LA","Wed",-103.3320209,20.74868245,1
"1144","HOGARES DE NUEVO MEXICO","Mon",-103.4268869,20.76984541,1
"1145","HOGARES DE NUEVO MEXICO","Sat",-103.4308598,20.75937734,1
"1146","HOGARES DE NUEVO MEXICO","Thu",-103.4260434,20.76267404,1
"1147","HOGARES DE NUEVO MEXICO","Tue",-103.428931,20.77156158,1
"1148","HUAXTLA","Fri",-103.383774,20.94074011,1
"1149","HUAXTLA","Thu",-103.3896623,20.93319463,1
"1150","HUAXTLA","Wed",-103.377417,20.93882443,1
"1151","HUMEDO EL","Fri",-103.498709,20.79748107,1
"1152","HUMEDO EL","Sun",-103.492553,20.7950295,1
"1153","INDIGENA DE MEZQUITAN","Fri",-103.332159,20.73829143,1
"1154","INDIGENA DE MEZQUITAN","Thu",-103.331706,20.73683688,1
"1155","INDIGENA DE MEZQUITAN","Tue",-103.3321966,20.7379578,1
"1156","INDIGENA DE MEZQUITAN","Wed",-103.3310789,20.73875038,1
"1157","INDUSTRIAL BELENES","Mon",-103.3787124,20.73656702,1
"1158","INDUSTRIAL BELENES","Tue",-103.3786312,20.73787577,1
"1159","INDUSTRIAL ZAPOPAN NORTE","Thu",-103.3910846,20.74066158,1
"1160","IXCATAN","Thu",-103.3359778,20.84431135,1
"1161","JACARANDAS","Wed",-103.3830119,20.71438186,1
"1162","JARDIN REAL","Fri",-103.436923,20.74115443,1
"1163","JARDIN REAL","Wed",-103.4352022,20.74084985,1
"1164","JARDINES DE BELEN","Sat",-103.4758763,20.81708562,1
"1165","JARDINES DE LA ESPERANZA","Thu",-103.3573685,20.73593399,1
"1166","JARDINES DE LA ESPERANZA","Tue",-103.357417,20.73591216,1
"1167","JARDINES DE LA PATRIA","Sat",-103.4175509,20.68437627,1
"1168","JARDINES DE LAS FUENTES","Tue",-103.4633095,20.78081074,1
"1169","JARDINES DE LAS FUENTES","Wed",-103.4630332,20.78123657,1
"1170","JARDINES DE SAN ANTONIO","Mon",-103.455505,20.76679111,1
"1171","JARDINES DE SANTA ANA","Sat",-103.4575781,20.61840905,1
"1172","JARDINES DEL IXTEPETE","Mon",-103.4418329,20.62519254,1
"1173","JARDINES DEL IXTEPETE","Tue",-103.4408585,20.62515177,1
"1174","JARDINES DEL IXTEPETE","Wed",-103.4421771,20.62532826,1
"1175","JARDINES DEL PORVENIR","Thu",-103.3549866,20.73897613,1
"1176","JARDINES DEL SOL","Sat",-103.4140251,20.64858757,1
"1177","JARDINES DEL SOL","Wed",-103.4155558,20.64258742,1
"1178","JARDINES DEL VERGEL","Sat",-103.3735535,20.7495941,1
"1179","JARDINES SEATTLE","Mon",-103.370094,20.72383598,1
"1180","JARDINES SEATTLE","Sat",-103.3690929,20.72265861,1
"1181","JARDINES SEATTLE","Wed",-103.369117,20.72305781,1
"1182","JARDINES TAPATIOS","Fri",-103.4696754,20.63897952,1
"1183","JARDINES TAPATIOS","Sat",-103.4692801,20.63892963,1
"1184","JARDINES TAPATIOS","Wed",-103.4697237,20.64038996,1
"1185","JARDINES TEPEYAC","Sat",-103.4228295,20.65590461,1
"1186","JARDINES TEPEYAC","Wed",-103.423216,20.65923135,1
"1187","JARDINES UNIVERSIDAD","Sun",-103.4183588,20.68935461,1
"1188","JARDINES VALLARTA","Sun",-103.4279699,20.68114306,1
"1189","JOCOTAN","Fri",-103.4524175,20.69878749,1
"1190","JOCOTAN","Mon",-103.4381447,20.68616099,1
"1191","JOCOTAN","Sat",-103.4415513,20.68477687,1
"1192","JOCOTAN","Tue",-103.4393347,20.68323849,1
"1193","JUAN MANUEL VALLARTA","Sat",-103.4124442,20.68027277,1
"1194","JUAN MANUEL VALLARTA","Wed",-103.4086099,20.67840058,1
"1195","LA PATRIA UNIVERSIDAD","Fri",-103.4187364,20.68585872,1
"1196","LA PATRIA UNIVERSIDAD","Mon",-103.4192959,20.68449384,1
"1197","LAGOS DEL COUNTRY","Sun",-103.3678156,20.7134804,1
"1198","LAGOS DEL COUNTRY","Thu",-103.3665626,20.71500944,1
"1199","LAGOS DEL COUNTRY","Tue",-103.3683644,20.71461215,1
"1200","LINDAVISTA","Fri",-103.3986189,20.72103696,1
"1201","LINDAVISTA","Sat",-103.3969993,20.72222315,1
"1202","LINDAVISTA","Thu",-103.3971622,20.72084993,1
"1203","LOMA BLANCA","Fri",-103.3884881,20.71435779,1
"1204","LOMA BLANCA","Thu",-103.3885757,20.71609909,1
"1205","LOMA BONITA","Sun",-103.4005331,20.63508785,1
"1206","LOMA BONITA","Thu",-103.4086934,20.63765414,1
"1207","LOMA BONITA","Tue",-103.4088088,20.6411766,1
"1208","LOMA BONITA RESIDENCIAL","Sun",-103.4005931,20.63513613,1
"1209","LOMA BONITA RESIDENCIAL","Thu",-103.405225,20.63864036,1
"1210","LOMA BONITA SUR","Mon",-103.4052438,20.63539968,1
"1211","LOMA CHICA","Mon",-103.4900068,20.80959074,1
"1212","LOMA LA","Fri",-103.3481868,20.72745382,1
"1213","LOMA LA","Mon",-103.3479388,20.72784913,1
"1214","LOMA LA","Wed",-103.3455066,20.72633176,1
"1215","LOMAS ALTAS","Sat",-103.408949,20.68474376,1
"1216","LOMAS DE ATEMAJAC","Thu",-103.3610385,20.71349681,1
"1217","LOMAS DE GUADALUPE","Mon",-103.4180403,20.67105077,1
"1218","LOMAS DE GUADALUPE","Sat",-103.4218041,20.67232405,1
"1219","LOMAS DE GUADALUPE","Wed",-103.4181316,20.67104365,1
"1220","LOMAS DE LA PRIMAVERA","Sun",-103.4700119,20.64027825,1
"1221","LOMAS DE LA PRIMAVERA","Thu",-103.4744518,20.63969411,1
"1222","LOMAS DE TESISTAN","Mon",-103.4720403,20.81121538,1
"1223","LOMAS DEL BATAN","Fri",-103.3493543,20.72542313,1
"1224","LOMAS DEL CENTINELA","Wed",-103.3571403,20.76296605,1
"1225","LOMAS DEL COLLI","Wed",-103.4492926,20.66359454,1
"1226","LOMAS DEL REFUGIO","Sat",-103.3395349,20.74240067,1
"1227","LOMAS DEL REFUGIO","Sun",-103.3389601,20.74502296,1
"1228","LOMAS DEL SEMINARIO","Sat",-103.4242087,20.66867014,1
"1229","LOMAS DEL SEMINARIO","Wed",-103.4232322,20.66934423,1
"1230","LOMAS DEL VALLE","Mon",-103.407995,20.69168003,1
"1231","LOMAS UNIVERSIDAD","Sun",-103.4321493,20.68437628,1
"1232","MAESTROS LOS","Mon",-103.3785378,20.72427477,1
"1233","MAESTROS LOS","Thu",-103.3767083,20.72409384,1
"1234","MAESTROS LOS","Wed",-103.3767988,20.72424473,1
"1235","MAGDALENA LA","Tue",-103.4620149,20.80536068,1
"1236","MANTE EL","Sun",-103.4258379,20.60818668,1
"1237","MANTE EL","Thu",-103.4234764,20.60995106,1
"1238","MANZANOS LOS","Mon",-103.4727251,20.7881214,1
"1239","MARTINICA LA","Sun",-103.365836,20.74730887,1
"1240","MESA DE LOS OCOTES","Sat",-103.3503796,20.76560061,1
"1241","MESA DE SAN JUAN","Tue",-103.4329522,20.95246663,1
"1242","MIGUEL DE LA MADRID HURTADO","Fri",-103.4339588,20.60659387,1
"1243","MIGUEL DE LA MADRID HURTADO","Sun",-103.4321806,20.60701996,1
"1244","MIGUEL HIDALGO","Tue",-103.3393759,20.74624875,1
"1245","MIRADOR DE SAN ISIDRO","Fri",-103.3937053,20.75985606,1
"1246","MIRADOR ESCONDIDO","Fri",-103.3329183,20.76693002,1
"1247","MIRADOR ESCONDIDO","Mon",-103.3318981,20.76661238,1
"1248","MIRADOR ESCONDIDO","Sun",-103.3317448,20.76462638,1
"1249","MIRADOR ESCONDIDO","Thu",-103.3308755,20.76436913,1
"1250","MISION DEL VALLE","Sun",-103.4400648,20.7515343,1
"1251","MISION LA FLORESTA","Fri",-103.4661363,20.62707371,1
"1252","MISION LA FLORESTA","Sun",-103.4646914,20.62539789,1
"1253","MISION LA FLORESTA","Thu",-103.4647692,20.62548369,1
"1254","MISION LA FLORESTA","Wed",-103.4680309,20.6274236,1
"1255","MOJONERA LA","Mon",-103.4522771,20.73124059,1
"1256","MOJONERA LA","Wed",-103.4516702,20.73142019,1
"1257","MOLINO DEL SALVADOR","Wed",-103.3370478,20.725816,1
"1258","MOLINOS LOS","Thu",-103.4412128,20.8198267,1
"1259","NEXTIPAC","Sun",-103.5268799,20.76774698,1
"1260","NUCLEO BELENES","Thu",-103.3788152,20.73852502,1
"1261","NUEVA ESPAniA","Thu",-103.3391958,20.74376435,1
"1262","NUEVA GALICIA","Thu",-103.4426553,20.65595758,1
"1263","NUEVA PRIMAVERA","Thu",-103.4297962,20.65061392,1
"1264","NUEVO VERGEL","Sat",-103.3640841,20.75238698,1
"1265","NUEVO VERGEL","Sun",-103.3617028,20.75390149,1
"1266","NUEVO VERGEL","Tue",-103.3668125,20.75109117,1
"1267","OLIVOS RESIDENCIAL","Sat",-103.459832,20.73289741,1
"1268","PALERMO","Mon",-103.4545638,20.81393509,1
"1269","PALERMO","Thu",-103.4623129,20.81505616,1
"1270","PALMIRA LA","Mon",-103.4287852,20.59277926,1
"1271","PALMIRA LA","Sat",-103.4297616,20.59278125,1
"1272","PALMIRA LA","Wed",-103.4313254,20.59223884,1
"1273","PALMITA LA","Sun",-103.3561819,20.72915584,1
"1274","PARQUE METROPOLITANO","Thu",-103.4383192,20.67099783,1
"1275","PARQUE METROPOLITANO","Tue",-103.4402994,20.67145565,1
"1276","PARQUE METROPOLITANO","Wed",-103.4384174,20.67103521,1
"1277","PARQUES DE GUADALUPE","Sun",-103.4428572,20.6603361,1
"1278","PARQUES DE TESISTAN","Sat",-103.4685128,20.79179911,1
"1279","PARQUES DE ZAPOPAN","Mon",-103.4174037,20.74201116,1
"1280","PARQUES DE ZAPOPAN","Sat",-103.4182298,20.74828504,1
"1281","PARQUES DE ZAPOPAN","Sun",-103.4172884,20.7421795,1
"1282","PARQUES DE ZAPOPAN","Thu",-103.4179279,20.74845202,1
"1283","PARQUES DE ZAPOPAN","Tue",-103.417362,20.74197429,1
"1284","PARQUES DEL AUDITORIO","Mon",-103.3508919,20.7374425,1
"1285","PARQUES DEL AUDITORIO","Sat",-103.3503715,20.73707953,1
"1286","PARQUES DEL AUDITORIO","Sun",-103.3539545,20.73602325,1
"1287","PARQUES DEL AUDITORIO","Tue",-103.3520921,20.73721678,1
"1288","PARQUES DEL CENTINELA","Thu",-103.3851099,20.75965187,1
"1289","PARQUES DEL CENTINELA","Wed",-103.3866481,20.75838396,1
"1290","PARQUES TEPEYAC","Sun",-103.4415277,20.64888791,1
"1291","PASEOS DEL BRISEniO","Mon",-103.4377213,20.61679067,1
"1292","PASEOS DEL BRISEniO","Wed",-103.4369193,20.61469839,1
"1293","PASEOS DEL CAMICHIN","Mon",-103.4004812,20.75522724,1
"1294","PASEOS UNIVERSIDAD","Fri",-103.4372272,20.68827367,1
"1295","PATIO LA CIMA","Fri",-103.4112171,20.7449921,1
"1296","PATIO LA CIMA","Thu",-103.4104543,20.74443003,1
"1297","PATIO LA CIMA","Wed",-103.4096895,20.74427049,1
"1298","PATIO PATRIA","Mon",-103.4143907,20.70554329,1
"1299","PATIO PATRIA","Sat",-103.4142487,20.705277,1
"1300","PATIO PATRIA","Thu",-103.4143704,20.70550513,1
"1301","PEDRO MORENO","Mon",-103.3582335,20.73020962,1
"1302","PERIODISTAS","Mon",-103.4286325,20.61641459,1
"1303","PINAR DE LA CALMA","Sun",-103.4190328,20.62295886,1
"1304","PINAR DE LA VENTA","Mon",-103.5322408,20.72963995,1
"1305","PINAR DE LA VENTA","Sat",-103.5333332,20.72986549,1
"1306","PINAR DE LA VENTA","Wed",-103.5292411,20.72286902,1
"1307","PINOS LOS","Sat",-103.4061502,20.68083907,1
"1308","PINOS LOS","Tue",-103.406395,20.68091044,1
"1309","PINOS LOS","Wed",-103.4055164,20.6807346,1
"1310","PIRAMIDES LAS","Tue",-103.4335105,20.62673205,1
"1311","PLAZA ACUEDUCTO","Mon",-103.4157313,20.72266144,1
"1312","PLAZA ACUEDUCTO","Sat",-103.4155377,20.72179598,1
"1313","PLAZA ACUEDUCTO","Thu",-103.4155718,20.72243723,1
"1314","PLAZA ANDARES","Sat",-103.4123936,20.70969382,1
"1315","PLAZA ANDARES","Sun",-103.4124295,20.71010377,1
"1316","PLAZA ANDARES","Thu",-103.4115304,20.70803471,1
"1317","PLAZA ANDARES","Tue",-103.4126524,20.70988168,1
"1318","PLAZA BELENES","Sat",-103.401432,20.73764164,1
"1319","PLAZA BELENES","Thu",-103.4014205,20.73772406,1
"1320","PLAZA CIUDADELA","Sat",-103.4216133,20.64955681,1
"1321","PLAZA CIUDADELA","Thu",-103.4200323,20.64960965,1
"1322","PLAZA CIUDADELA","Tue",-103.4201829,20.64956072,1
"1323","PLAZA GALERIAS","Mon",-103.4299372,20.6775014,1
"1324","PLAZA GALERIAS","Sun",-103.4301261,20.67659235,1
"1325","PLAZA GALERIAS","Tue",-103.4314313,20.67575034,1
"1326","PLAZA GUADALUPE","Thu",-103.4324722,20.65827067,1
"1327","PLAZA PUNTO SAN ISIDRO","Sat",-103.3851027,20.75464737,1
"1328","PLAZA PUNTO SAN ISIDRO","Tue",-103.3844703,20.75360584,1
"1329","PLAZA SAN ISIDRO","Sat",-103.3862761,20.74205632,1
"1330","PLAZA SAN ISIDRO","Tue",-103.3857523,20.74195382,1
"1331","PLAZA SAN ISIDRO","Wed",-103.3854331,20.74155195,1
"1332","PLAZA SANTA MARGARITA","Fri",-103.419896,20.73122839,1
"1333","PLAZA SANTA MARGARITA","Sun",-103.4200225,20.73137377,1
"1334","PLAZA SANTA MARGARITA","Tue",-103.4197525,20.73149168,1
"1335","PLAZA TEPEYAC","Mon",-103.4238237,20.65505566,1
"1336","PONTEVEDRA","Mon",-103.4105373,20.71351718,1
"1337","PORTA REAL","Mon",-103.4526769,20.73046912,1
"1338","PORTA REAL","Sun",-103.4576345,20.72935426,1
"1339","PORTA REAL","Thu",-103.4528695,20.7281726,1
"1340","PORTA REAL","Wed",-103.4518865,20.73066204,1
"1341","PRADERAS DE TESISTAN","Mon",-103.4835848,20.8103283,1
"1342","PRADERAS DE TESISTAN","Sat",-103.4844424,20.8096884,1
"1343","PRADERAS DE TESISTAN","Tue",-103.4844269,20.80950166,1
"1344","PRADOS TEPEYAC","Tue",-103.4164584,20.65609173,1
"1345","PRADOS VALLARTA","Fri",-103.4194023,20.67478748,1
"1346","PRADOS VALLARTA","Mon",-103.4170965,20.67730734,1
"1347","PRADOS VALLARTA","Sun",-103.4189955,20.67509093,1
"1348","PRIMAVERA LA","Fri",-103.5631072,20.72704135,1
"1349","PRIMAVERA LA","Thu",-103.5677099,20.72880035,1
"1350","PUERTA DEL BOSQUE","Tue",-103.4182333,20.70232484,1
"1351","PUERTA DEL LLANO","Sun",-103.4575421,20.78575957,1
"1352","PUERTA DEL LLANO","Tue",-103.4625696,20.78227174,1
"1353","PUERTA DEL ROBLE","Mon",-103.4262306,20.69487246,1
"1354","PUERTA DEL VALLE","Tue",-103.4214082,20.72383391,1
"1355","PUERTA REAL","Fri",-103.431813,20.72154388,1
"1356","PUESTA DEL SOL","Fri",-103.4262905,20.65114906,1
"1357","QUINTA DEL FEDERALISMO","Fri",-103.3480173,20.73462569,1
"1358","QUINTA DEL FEDERALISMO","Mon",-103.3503033,20.73548614,1
"1359","QUINTA DEL FEDERALISMO","Sun",-103.3483891,20.73473053,1
"1360","QUINTA DEL FEDERALISMO","Thu",-103.3482271,20.73419629,1
"1361","RANCHO COLORADO","Tue",-103.3630865,20.77471042,1
"1362","RANCHO CONTENTO","Sat",-103.4768205,20.71687515,1
"1363","RANCHO CONTENTO","Wed",-103.4745058,20.71522208,1
"1364","RANCHO EL CENTINELA","Fri",-103.3869269,20.7659884,1
"1365","REAL ACUEDUCTO","Mon",-103.4098827,20.70907494,1
"1366","REAL ACUEDUCTO","Thu",-103.4103674,20.70882783,1
"1367","REAL ACUEDUCTO","Tue",-103.4101671,20.70861136,1
"1368","REAL DE VALDEPEniAS","Fri",-103.4021361,20.76007619,1
"1369","REAL DE VALDEPEniAS","Wed",-103.4013286,20.76065808,1
"1370","REAL DEL BOSQUE","Sat",-103.3906531,20.75222556,1
"1371","REAL DEL BOSQUE","Sun",-103.3942099,20.75275608,1
"1372","REAL DEL CARMEN","Tue",-103.4306875,20.73659495,1
"1373","REAL VALLARTA","Sat",-103.4229249,20.67901894,1
"1374","REAL VALLARTA","Sun",-103.4239333,20.67899498,1
"1375","REHILETE EL","Sat",-103.4618542,20.64320575,1
"1376","RESIDENCIAL DEL PARQUE","Fri",-103.4373052,20.67084394,1
"1377","RESIDENCIAL DEL PARQUE","Sat",-103.4373812,20.6709416,1
"1378","RESIDENCIAL DEL PARQUE","Sun",-103.4374396,20.67097,1
"1379","RESIDENCIAL DEL PARQUE","Tue",-103.4366534,20.6753034,1
"1380","RESIDENCIAL DEL VALLE","Thu",-103.4271233,20.74079238,1
"1381","RESIDENCIAL MOCTEZUMA","Fri",-103.4310938,20.65281854,1
"1382","RESIDENCIAL MOCTEZUMA PONIENTE","Mon",-103.436308,20.65059784,1
"1383","RESIDENCIAL MOCTEZUMA PONIENTE","Thu",-103.4328061,20.64849456,1
"1384","RESIDENCIAL PATRIA","Wed",-103.3744461,20.71612566,1
"1385","RESIDENCIAL PLAZA GUADALUPE","Mon",-103.4307398,20.65563898,1
"1386","RESIDENCIAL PONIENTE","Wed",-103.4308495,20.72780981,1
"1387","RESIDENCIAL REAL LAS PALOMAS","Sat",-103.4533066,20.81808112,1
"1388","RESIDENCIAL SANTA MARGARITA","Thu",-103.4178839,20.73079438,1
"1389","RESIDENCIAL SANTA MARGARITA","Tue",-103.4219253,20.73114308,1
"1390","RESIDENCIAL TABACHINES","Fri",-103.3660395,20.738022,1
"1391","RESIDENCIAL TABACHINES","Thu",-103.3663073,20.73701697,1
"1392","RESIDENCIAL TABACHINES","Tue",-103.3664212,20.73623178,1
"1393","RESIDENCIAL TABACHINES","Wed",-103.3664422,20.73834379,1
"1394","RESIDENCIAL VIRREYES","Mon",-103.4399175,20.69356897,1
"1395","RESIDENCIAL VIRREYES","Sat",-103.4397812,20.69344024,1
"1396","RESIDENCIAL VIRREYES","Thu",-103.4398055,20.69364646,1
"1397","REVOLUCION","Wed",-103.4921029,20.80934546,1
"1398","RINCONADA DE LA CALMA","Sun",-103.4111113,20.63354918,1
"1399","RINCONADA DE LA CALMA","Thu",-103.4106693,20.63276601,1
"1400","RINCONADA DEL AUDITORIO","Sat",-103.3436829,20.73709515,1
"1401","RINCONADA DEL AUDITORIO","Tue",-103.3478297,20.73856632,1
"1402","RINCONADA DEL PARQUE","Fri",-103.4443676,20.66380892,1
"1403","RINCONADA DEL PARQUE","Thu",-103.4445612,20.66385565,1
"1404","RINCONADA DEL PARQUE","Wed",-103.447268,20.66446178,1
"1405","RINCONADA DEL SOL","Sat",-103.4012456,20.65315449,1
"1406","RINCONADA DEL SOL","Tue",-103.398978,20.65093335,1
"1407","RINCONADA GUADALUPE","Thu",-103.4352815,20.65823993,1
"1408","RINCONADA GUADALUPE","Wed",-103.4352006,20.65822105,1
"1409","RINCONADA LAS PALMAS","Sun",-103.4005815,20.753257,1
"1410","RINCONADA SAN ISIDRO","Mon",-103.3816885,20.75209653,1
"1411","RINCONADA SAN ISIDRO","Sun",-103.3842245,20.75273192,1
"1412","RINCONADA SAN ISIDRO","Tue",-103.3825408,20.75164953,1
"1413","RINCONADA SANTA RITA","Tue",-103.4007207,20.68739153,1
"1414","RINCONADAS DE ZAPOPAN","Sat",-103.4441722,20.76140436,1
"1415","RIO BLANCO","Mon",-103.399717,20.77462602,1
"1416","RIO BLANCO","Sat",-103.3990441,20.77606565,1
"1417","RIO BLANCO","Tue",-103.398803,20.77843847,1
"1418","RIO BLANCO","Wed",-103.397949,20.80066449,1
"1419","ROBERTO OROZCO","Thu",-103.4820186,20.80331364,1
"1420","ROBLES LOS","Sat",-103.4206539,20.75125736,1
"1421","ROBLES LOS","Thu",-103.4171542,20.7607266,1
"1422","ROYAL COUNTRY","Fri",-103.4145745,20.70554114,1
"1423","ROYAL COUNTRY","Sun",-103.413523,20.7054819,1
"1424","SAN BERNARDO","Fri",-103.407887,20.70941237,1
"1425","SAN FRANCISCO","Fri",-103.4006427,20.72543864,1
"1426","SAN FRANCISCO","Sat",-103.4017419,20.72860554,1
"1427","SAN FRANCISCO","Sun",-103.4012272,20.72600933,1
"1428","SAN FRANCISCO","Tue",-103.4017188,20.72857621,1
"1429","SAN FRANCISCO","Wed",-103.4016709,20.72851969,1
"1430","SAN GILBERTO","Wed",-103.3836581,20.73337903,1
"1431","SAN ISIDRO EJIDAL","Sun",-103.4010299,20.73020659,1
"1432","SAN ISIDRO RESIDENCIAL","Mon",-103.3878987,20.75748583,1
"1433","SAN ISIDRO RESIDENCIAL","Thu",-103.3848129,20.75445623,1
"1434","SAN ISIDRO RESIDENCIAL","Tue",-103.3876765,20.75756657,1
"1435","SAN JOSE DEL BAJIO","Mon",-103.4050287,20.73433013,1
"1436","SAN JOSE DEL BAJIO","Thu",-103.4046375,20.7319047,1
"1437","SAN JOSE DEL BAJIO","Tue",-103.4021486,20.73422824,1
"1438","SAN JOSE DEL BAJIO","Wed",-103.4065824,20.73428197,1
"1439","SAN JOSE EJIDAL","Thu",-103.4618327,20.81357865,1
"1440","SAN JOSE EJIDAL","Tue",-103.4610952,20.81103895,1
"1441","SAN JOSE EJIDAL","Wed",-103.4641137,20.81058784,1
"1442","SAN MIGUEL DE LA COLINA","Fri",-103.3871114,20.71929962,1
"1443","SAN MIGUEL DE LA COLINA","Sat",-103.3882828,20.71757532,1
"1444","SAN MIGUEL TATEPOSCO","Mon",-103.3760449,20.80815541,1
"1445","SAN NICOLAS DE LOS BELENES","Sat",-103.376468,20.7381529,1
"1446","SAN NICOLAS DE LOS BELENES","Wed",-103.3718816,20.73797502,1
"1447","SAN WENCESLAO","Mon",-103.4077608,20.70113446,1
"1448","SAN WENCESLAO","Sat",-103.410532,20.69840272,1
"1449","SAN WENCESLAO","Wed",-103.4103568,20.69857722,1
"1450","SANTA CATALINA","Thu",-103.4231875,20.65034565,1
"1451","SANTA FE","Sun",-103.3937078,20.71610319,1
"1452","SANTA FE","Wed",-103.3938498,20.71602121,1
"1453","SANTA ISABEL","Sat",-103.4079985,20.7012518,1
"1454","SANTA LUCIA","Thu",-103.494664,20.80626919,1
"1455","SANTA MARIA DEL PUEBLITO","Fri",-103.4351337,20.68151039,1
"1456","SANTA MARIA DEL PUEBLITO","Mon",-103.4351905,20.67823825,1
"1457","SANTA MARIA DEL PUEBLITO","Sat",-103.4384058,20.67892282,1
"1458","SANTA MARIA DEL PUEBLITO","Sun",-103.4363337,20.68167228,1
"1459","SEATTLE","Mon",-103.3711446,20.71979173,1
"1460","SEATTLE","Sat",-103.3769994,20.71878527,1
"1461","SEATTLE","Thu",-103.3718475,20.71925769,1
"1462","SEATTLE","Tue",-103.3744343,20.72045466,1
"1463","SOLARES","Mon",-103.4599325,20.7236441,1
"1464","SOLARES","Sat",-103.4620406,20.71931423,1
"1465","SOLARES","Sun",-103.4551215,20.72652585,1
"1466","SOLARES","Thu",-103.4598243,20.72389071,1
"1467","SOLEDAD LA","Mon",-103.5272932,20.75903432,1
"1468","TECHNOLOGY PARK","Wed",-103.4960492,20.72219873,1
"1469","TEPEYAC","Fri",-103.3849673,20.72397745,1
"1470","TEPEYAC","Sat",-103.3839481,20.72364124,1
"1471","TEPEYAC","Thu",-103.3861968,20.7228126,1
"1472","TEPEYAC CASINO","Fri",-103.4157093,20.65833267,1
"1473","TEPEYAC CASINO","Sat",-103.4153958,20.65846406,1
"1474","TEPEYAC CASINO","Wed",-103.4166276,20.65945966,1
"1475","TESISTAN","Thu",-103.4769951,20.80089696,1
"1476","TIGRE EL","Fri",-103.4246625,20.75880367,1
"1477","TIGRE EL","Wed",-103.4145812,20.76731144,1
"1478","TIZATE EL","Fri",-103.482716,20.636641,1
"1479","TIZATE EL","Sat",-103.478166,20.63664244,1
"1480","TRIANGULO EL","Fri",-103.4432664,20.75062712,1
"1481","TRIANGULO EL","Mon",-103.4425841,20.7510392,1
"1482","TRIANGULO EL","Tue",-103.4408505,20.75030531,1
"1483","TULE EL","Mon",-103.4488436,20.69582277,1
"1484","TULE EL","Sat",-103.4546765,20.69618636,1
"1485","TULE EL","Wed",-103.4537278,20.6969871,1
"1486","UNIDAD ABASTOS","Fri",-103.3886986,20.72894831,1
"1487","UNIDAD ABASTOS","Thu",-103.3887352,20.72904886,1
"1488","UNIDAD ABASTOS","Tue",-103.3900876,20.73061441,1
"1489","UNIDAD FOVISSSTE","Sun",-103.4038497,20.73519878,1
"1490","UNIDAD FOVISSSTE","Thu",-103.4033649,20.73741472,1
"1491","UNIDAD MEXICO","Fri",-103.405082,20.67805412,1
"1492","UNIDAD REPUBLICA","Mon",-103.3984637,20.72246968,1
"1493","UNIDAD REPUBLICA","Wed",-103.3979811,20.72459195,1
"1494","UNIDAD UAG","Fri",-103.4077698,20.72336004,1
"1495","UNIDAD UAG","Tue",-103.4051525,20.72341196,1
"1496","VALLARTA LA PATRIA","Fri",-103.4213479,20.67313489,1
"1497","VALLARTA LA PATRIA","Sat",-103.4219336,20.67268028,1
"1498","VALLARTA UNIVERSIDAD","Fri",-103.4269742,20.69051826,1
"1499","VALLARTA UNIVERSIDAD","Sat",-103.4272059,20.68841365,1
"1500","VALLE DE LA PROVIDENCIA","Tue",-103.4702445,20.77768285,1
"1501","VALLE DE LOS MOLINOS","Sun",-103.4271856,20.85322283,1
"1502","VALLE DE NUEVO MEXICO","Mon",-103.4426624,20.77130115,1
"1503","VALLE DE NUEVO MEXICO","Tue",-103.4428154,20.76762503,1
"1504","VALLE DE SAN NICOLAS","Fri",-103.4610467,20.62718288,1
"1505","VALLE ESCONDIDO","Sun",-103.4328098,20.74336059,1
"1506","VALLE ESMERALDA","Mon",-103.4489099,20.73773719,1
"1507","VALLE IMPERIAL","Sat",-103.4397759,20.77501882,1
"1508","VALLE REAL","Thu",-103.4501041,20.7308905,1
"1509","VEINTISIETE DE SEPTIEMBRE","Fri",-103.3615565,20.72609779,1
"1510","VEINTISIETE DE SEPTIEMBRE","Mon",-103.3627161,20.72511791,1
"1511","VEINTISIETE DE SEPTIEMBRE","Wed",-103.3608561,20.72597124,1
"1512","VENTA DEL ASTILLERO LA","Sun",-103.5454456,20.72805457,1
"1513","VENUSTIANO CARRANZA","Mon",-103.3573503,20.72568245,1
"1514","VENUSTIANO CARRANZA","Sun",-103.3589248,20.72474475,1
"1515","VENUSTIANO CARRANZA","Thu",-103.3587757,20.72553608,1
"1516","VENUSTIANO CARRANZA","Tue",-103.3593965,20.72501978,1
"1517","VICTOR HUGO","Thu",-103.3371202,20.72506037,1
"1518","VICTOR HUGO","Wed",-103.3375046,20.7252114,1
"1519","VILLA SERENA","Mon",-103.4455819,20.61237924,1
"1520","VILLA UNIVERSITARIA","Sat",-103.4150522,20.69221229,1
"1521","VILLA UNIVERSITARIA","Tue",-103.4149695,20.69530923,1
"1522","VILLA VERONA","Mon",-103.4477489,20.70335218,1
"1523","VILLA VERONA","Sat",-103.4464851,20.70294137,1
"1524","VILLAS ALCALDE","Sat",-103.345309,20.71827552,1
"1525","VILLAS ALCALDE","Sun",-103.3452407,20.71807359,1
"1526","VILLAS DE LOS BELENES","Sat",-103.3809568,20.73135451,1
"1527","VILLAS DE LOS BELENES","Tue",-103.3782493,20.73043475,1
"1528","VILLAS DE NUEVO MEXICO","Mon",-103.4305696,20.76785293,1
"1529","VILLAS DE NUEVO MEXICO","Wed",-103.4304605,20.76760646,1
"1530","VILLAS DE TESISTAN","Fri",-103.4774313,20.80188453,1
"1531","VILLAS DE TESISTAN","Sun",-103.4791754,20.80323741,1
"1532","VILLAS DE TORREMOLINOS","Sat",-103.3973568,20.74840331,1
"1533","VILLAS DEL CENTINELA","Thu",-103.3747687,20.75533204,1
"1534","VILLAS DEL IXTEPETE","Sat",-103.4437515,20.62141126,1
"1535","VILLAS DEL VALLE","Sat",-103.4465812,20.78265462,1
"1536","VILLAS LA LOMA","Fri",-103.4607822,20.78029157,1
"1537","VILLAS PERISUR","Mon",-103.4465357,20.62401565,1
"1538","VILLAS TEPEYAC","Mon",-103.4247345,20.65514639,1
"1539","VISTA HERMOSA","Sun",-103.3360009,20.76098662,1
"1540","VISTAS DEL BOSQUE","Mon",-103.3760994,20.75066654,1
"1541","VOLCAN DEL COLLI","Fri",-103.4519697,20.66153252,1
"1542","ZAPOTE EL","Mon",-103.4152853,20.65455898,1
"1543","ZAPOTE EL","Sun",-103.415003,20.65542571,1
"1544","ZAPOTE EL","Thu",-103.4159781,20.65491635,1
"1545","ZOQUIPAN","Fri",-103.3662589,20.71702436,1
"1546","ZOQUIPAN","Sun",-103.3712319,20.7182142,1
"1547","ZOQUIPAN","Thu",-103.3712123,20.71820343,1
